Campaign,Measurement,Month1,Month2,Rev_YTD,Rev,Rev_2023,Rev_2024,Flagging_Campaign,Source,RFS_Date,Created_Date,Last_Stage_Change_Date,Opportunity_ID,SF_Opportunity_Id,Campaign_Name,Opportunity_Name,CA_Number,Account_Name,Sub_Line_of_Business,Owner_Group,Opportunity_Owner:_Division,Product_Offer,Opportunity_Owner,Stage,Stage_Count,Opportunity_Quantity,Estimated_Contract_Period_(in_Months),Total_Contract_Value_(converted),Total_OTC_(converted),Total_MRC_(converted),New_Group
2023BDx,FAB,2,Feb,40000000,20000000,220000000,20000000,Done,SFA,2/23/2023,2/10/2023,3/8/2023,0065g00000WSdVX,0065g00000WSdVXAA1,2023BDx,COLO 1 Rack 42U - Sangkuriang,MTX10600516,SANGKURIANG JAYA PERSADA,System Integrator,STRATEGIC ENTERPRISE ACCOUNT,MEDIA & ENERGY,,87208362 (ANDHIKA POETRA BAHARI),Cash,1,1,12,240000000,0,20000000,SEA
2023RacingIDA,FAB,3,Mar,250000001,250000001,2500000001,500000000,Done,SFA,3/31/2023,3/1/2023,2/2/2023,0065g00000UtDaq,0065g00000UtDaqAAF,2023RacingIDA,Data Analytics Sandbox,MTX07515698,KOMISI PEMBERANTASAN KORUPSI,Local Government,STRATEGIC ENTERPRISE ACCOUNT,MEDIA & ENERGY,,90229504 RIVO LINO,Complete,1,1,12,3000000001,1,250000000,KPSE
2023BDx,FAB,2,Feb,3513288004,3513288002,3513288022,24,Done,SFA,2/28/2023,2/14/2023,2/14/2023,0065g00000WShxD,0065g00000WShxDAAT,2023BDx,Connectivity & Colocation,MTX10600516,SANGKURIANG JAYA PERSADA,System Integrator,STRATEGIC ENTERPRISE ACCOUNT,MEDIA & ENERGY,,90229504 RIVO LINO,Cash,1,2,24,3513288048,3513288000,2,SEA
2023RacingIDA,FAB,3,Mar,150000000,150000000,900000000,0,No,All Pipelines SOM,3/2/2023,2/22/2023,3/3/2023,0065g00000WfXtR,0065g00000WfXtRAAV,2023RacingIDA,Google - IDA Flash SMS,,ALLO FRESH INDONESIA,Agents/Distributors,REGIONAL ENTERPRISE ACCOUNT,JABODETABEK,Big Data Offer-Lead Generation,89229279 LIBRIA PUSPA TIRTA,Complete,1,500000,6,900000000,0,150000000,REA
2023RacingIDA,NO,3,Mar,50000000,50000000,50000000,0,No,All Pipelines SOM,3/31/2023,2/13/2023,,0065g00000WSh3t,0065g00000WSh3tAAD,2023RacingIDA,Bank Mandiri-Credit Scoring KSM,MTX07714472,BANK MANDIRI (PERSERO),"Commercial, saving & Dev. Bank",STRATEGIC ENTERPRISE ACCOUNT,STRATEGIC BANKING & FINANCIAL INSTITUTION,Big Data Offer-Lead Generation,95229416 ORVINA MYRILLA,Identify,1,1,1,50000000,50000000,0,SEA
2023RacingIDA,FAB,2,Feb,160000000,155000000,155000000,0,No,All Pipelines SOM,2/28/2023,2/28/2023,2/28/2023,0065g00000WfkWp,0065g00000WfkWpAAJ,2023RacingIDA,Bank Mandiri- SMS OTP,MTX07714472,BANK MANDIRI (PERSERO),"Commercial, saving & Dev. Bank",STRATEGIC ENTERPRISE ACCOUNT,STRATEGIC BANKING & FINANCIAL INSTITUTION,Big Data Offer-Lead Generation,95229416 ORVINA MYRILLA,Complete,1,1,1,155000000,150000000,5000000,SEA
2023RacingIDA,NO,3,Mar,98200000,98200000,953200000,190000000,No,All Pipelines SOM,3/31/2023,2/28/2023,2/28/2023,0065g00000WfjcO,0065g00000WfjcOAAR,2023RacingIDA,Digital Campaign,MTX08163068,BANK SHINHAN INDONESIA,"Commercial, saving & Dev. Bank",NATIONAL ENTERPRISE ACCOUNT,FINANCIAL & RETAIL BUSINESS,Big Data Offer-Lead Generation,0257220031 (RICKY PRATAMA),Develop,1,1,12,1143200000,3200000,95000000,NEA
2023RacingIDA,FAB,2,Feb,100000000,50000000,550000000,50000000,No,All Pipelines SOM,2/24/2023,2/2/2023,3/3/2023,0065g00000UtDzP,0065g00000UtDzPAAV,2023RacingIDA,IDA - DHL,MTX00780781,"BIROTIKA SEMESTA,PT (DHL)",MIG-CAT2-2015,REGIONAL ENTERPRISE ACCOUNT,JABODETABEK,Big Data Offer-Lead Generation,89229279 LIBRIA PUSPA TIRTA,Complete,1,1,12,600000000,0,50000000,REA
2023RacingIDA,FAB,2,Feb,26779000,26779000,26779000,0,No,All Pipelines SOM,2/28/2023,2/16/2023,2/28/2023,0065g00000WSl1x,0065g00000WSl1xAAD,2023RacingIDA,GOOGLE IADS BOUNTY X SANGOBION PART 2,MTX10606850,BOUNTY MEDIA,Other Technologies,NATIONAL ENTERPRISE ACCOUNT,SUPPLY CHAIN & SERVICES,Big Data Offer-Lead Generation,"0257210035 (HERLIKA AGRIN SITUMORANG, S.I.KOM.)",Cash,1,13550,1,26779000,26779000,0,NEA
2023RacingIDA,NO,2,Feb,50000000,50000000,50000000,0,No,All Pipelines SOM,2/7/2023,2/7/2023,,0065g00000UtOC8,0065g00000UtOC8AAN,2023RacingIDA,BPD KALTENG - Big Data,MTX07780670,BPD KALTENG-LA CUST,MIG-CAT2-2015,REGIONAL ENTERPRISE ACCOUNT,EAST REGIONAL,Big Data Offer-Telco Scoring,84198077 (JUAN AUDYA SENGKEY),Identify,1,1,,50000000,50000000,0,REA
2023RacingIDA,FAB,2,Feb,200000000,100000000,1100000000,100000000,No,All Pipelines SOM,2/21/2023,2/21/2023,3/24/2023,0065g00000WfWEK,0065g00000WfWEKAA3,2023RacingIDA,Market Insights,,CHEETAH AGENCY,"Arts,entertainment& recreation",REGIONAL ENTERPRISE ACCOUNT,JABODETABEK,Big Data Offer-Business Insight Enrichment,0102614828 (Hasbullah Syafaruddin),Complete,1,1,12,1200000000,0,100000000,REA
2023RacingIDA,FAB,3,Mar,50000000,50000000,500000000,100000000,No,All Pipelines SOM,3/9/2023,2/16/2023,3/3/2023,0065g00000WSkhJ,0065g00000WSkhJAAT,2023RacingIDA,Google - IDA,,CLOSED BUY ASIA,System Integrator,REGIONAL ENTERPRISE ACCOUNT,JABODETABEK,Big Data Offer-Lead Generation,89229279 LIBRIA PUSPA TIRTA,Complete,1,1,12,600000000,0,50000000,REA
2023BDx,NO,4,Apr,50000000,250000000,1850000000,600000000,No,All Pipelines SOM,4/30/2023,2/6/2023,2/6/2023,0065g00000UtLke,0065g00000UtLkeAAF,2023BDx,Colocation - DCConnect Global Ltd Pte,,DCCONNECT GLOBAL LTD. PTE,Global Service Provider,NATIONAL ENTERPRISE ACCOUNT,FINANCIAL & RETAIL BUSINESS,DC Colocation (Rack Based) Offer,82157176 (ANNISA KUSUMADEWI),Develop,1,10,12,2450000000,50000000,200000000,NEA
2023BDx,FAB,3,Mar,41000000,41000000,365000000,72000000,No,All Pipelines SOM,3/10/2023,2/13/2023,3/6/2023,0065g00000WSh0U,0065g00000WSh0UAAT,2023BDx,Colo 1 rack PT Harmoni Panca Utama,MTX10410799,HARMONI PANCA UTAMA,Agents/Distributors,NATIONAL ENTERPRISE ACCOUNT,RESOURCES & MANUFACTURING,DC Colocation (Rack Based) Offer - IDR,2622200030 (LUCKY MEIFANY FERBA),Complete,1,1,12,245000000,5000000,36000000,NEA
2023BDx,NO,9,Sept,0,362268000,927072000,1506144000,No,All Pipelines SOM,9/30/2023,2/7/2023,2/7/2023,0065g00000UtNop,0065g00000UtNopAAF,2023BDx,ISPL Colocation 12 Rack x 60 KVA,MTX07715013,INDOSAT SINGAPORE PTE LTD,Other Technologies,WHOLESALE & CARRIER ACCOUNT,INTERNATIONAL WHOLESALE,DC Colocation (Rack Based) Offer - IDR,93218398 (ADISTI PRADANARI PUTRI),Value,1,1,12,2433216000,174000000,188268000,WCA
2023RacingIDA,FAB,2,Feb,100000000,100000000,100000000,0,No,All Pipelines SOM,2/15/2023,2/15/2023,2/15/2023,0065g00000WSjyL,0065g00000WSjyLAAT,2023RacingIDA,GOOGLE_iDA ISMAYA Group,,ISMAYA GROUP,,NATIONAL ENTERPRISE ACCOUNT,SUPPLY CHAIN & SERVICES,Big Data Offer-Lead Generation,95208373 (ALURA STACIA KANDOU),Complete,1,1,1,100000000,100000000,0,NEA
2023RacingIDA,FAB,2,Feb,10000000,5000000,55000000,5000000,No,All Pipelines SOM,2/22/2023,2/2/2023,3/3/2023,0065g00000UtE0N,0065g00000UtE0NAAV,2023RacingIDA,IDA - WA BLAST,,LABELLE GLOBAL UTAMA,Public Health Center,REGIONAL ENTERPRISE ACCOUNT,JABODETABEK,Big Data Offer-Lead Generation,89229279 LIBRIA PUSPA TIRTA,Complete,1,1,12,60000000,0,5000000,REA
2023BDx,NO,12,Dec,0,1.27253E+11,1.27253E+11,0,No,All Pipelines SOM,12/20/2023,2/2/2023,2/2/2023,0065g00000UtEhw,0065g00000UtEhwAAF,2023BDx,NTT - Tj Bemban CLS Tender,MTX08688879,NTT GLOBAL NETWORKS INCORPORATED,Global Service Provider,WHOLESALE & CARRIER ACCOUNT,INTERNATIONAL WHOLESALE,DC Colocation (Space Based) Offer - IDR,83075994 (BUDI PRASETYO),Value,1,1,180,1.27253E+11,1.27253E+11,0,WCA
2023RacingIDA,NO,7,Jul,0,20000000,0,0,No,All Pipelines SOM,7/31/2023,2/28/2023,3/21/2023,0065g00000Wfjv1,0065g00000Wfjv1AAB,2023RacingIDA,Pegadaian_Data Anlyttic,MTX07739852,PEGADAIAN (PERSERO),MIG-CAT2-2015,STRATEGIC ENTERPRISE ACCOUNT,PUBLIC SECTOR,Big Data Offer-Business Insight Enrichment,79157154 (KUSYONO),Qualify,1,1,,0,0,20000000,SEA
2023RacingIDA,NO,5,May,0,1.25E+08,3.00E+08,100000000,No,All Pipelines SOM,5/31/2023,2/28/2023,2/28/2023,0065g00000WfkDo,0065g00000WfkDoAAJ,2023RacingIDA,Digital marketing and Big data,MTX07726942,PERTAMINA RETAIL,Mining and Oil & Gas,STRATEGIC ENTERPRISE ACCOUNT,ENERGY & LAW ENFORCEMENT,Big Data Offer-Business Insight Enrichment,84208383 (AULIA ARMIS),Develop,1,1,12,4.00E+08,1.00E+08,25000000,KPSE
2023RacingIDA,NO,2,Feb,82500000,41250000,41250000,0,No,All Pipelines SOM,2/28/2023,2/28/2023,3/5/2023,0065g00000WfkNx,0065g00000WfkNxAAJ,2023RacingIDA,Indosat Digital Analytics,MTX02828207,PT. SHAFIRA LARAS PERSADA,Trading Wholesaler,REGIONAL ENTERPRISE ACCOUNT,JABODETABEK,Big Data Offer-Lead Generation,0257220032 (RAHMI WELLINA PUTRI),Value,1,50000,1,41250000,0,41250000,SMB
2023BDx,FAB,4,Apr,600000000,1200000000,6000000000,1800000000,No,All Pipelines SOM,4/30/2023,2/28/2023,2/28/2023,0065g00000WflAk,0065g00000WflAkAAJ,2023BDx,KEBUTUHAN DATA CENTER DI KPPTI - BNI,MTX07713391,PT BANK NEGARA INDONESIA ( PERSERO) TBK,"Commercial, saving & Dev. Bank",STRATEGIC ENTERPRISE ACCOUNT,STRATEGIC BANKING & FINANCIAL INSTITUTION,DC Colocation (Space Based) Offer,85126334 (SARI RACHMAWATI),Complete,1,1,12,7800000000,600000000,600000000,SEA
2023RacingIDA,FAB,2,Feb,300000000,300000000,300000000,0,No,All Pipelines SOM,2/28/2023,2/28/2023,2/28/2023,0065g00000WflBY,0065g00000WflBYAAZ,2023RacingIDA,GOOGLE_CREDIT SCORING - BNI,MTX07713391,PT BANK NEGARA INDONESIA ( PERSERO) TBK,"Commercial, saving & Dev. Bank",STRATEGIC ENTERPRISE ACCOUNT,STRATEGIC BANKING & FINANCIAL INSTITUTION,Big Data Offer-Telco Scoring,85126334 (SARI RACHMAWATI),Complete,1,1,3,300000000,300000000,0,SEA
2023RacingIDA,LOST,2,Feb,2,1,1,0,No,All Pipelines SOM,2/21/2023,2/2/2023,2/6/2023,0065g00000UtDm6,0065g00000UtDm6AAF,2023RacingIDA,BIG DATA FOR 1 YEAR,MTX09712347,ROYAL CHIRAG TEKNOLOGI,Trading Wholesaler,STRATEGIC ENTERPRISE ACCOUNT,STRATEGIC GROUP COMPANY ACCOUNT,Big Data Offer-Lead Generation,90208388 (SUROYYA JUNAIDI),Closed Lost,1,1,1,1,0,1,SEA
2023RacingIDA,FAB,2,Feb,40000000000,40000000000,40000000000,0,No,All Pipelines SOM,2/6/2023,2/6/2023,3/10/2023,0065g00000UtLYU,0065g00000UtLYUAA3,2023RacingIDA,BIG DATA SDA FOR 1 YEAR,MTX10646191,ROYAL TEKNOLOGI DIGITAL,E-commerce,STRATEGIC ENTERPRISE ACCOUNT,STRATEGIC GROUP COMPANY ACCOUNT,Big Data Offer-Lead Generation,90208388 (SUROYYA JUNAIDI),Cash,1,1,1,40000000000,40000000000,0,SEA
2023RacingIDA,FAB,2,Feb,82500000,41250000,41250000,0,No,All Pipelines SOM,2/20/2023,2/3/2023,2/24/2023,0065g00000UtGHw,0065g00000UtGHwAAN,2023RacingIDA,Internal Source,2-5HF7ADH,SHAFIRA LARAS PERSADA,Large Scale Retailers,REGIONAL ENTERPRISE ACCOUNT,JABODETABEK,Big Data Offer-Lead Generation,0257220032 (RAHMI WELLINA PUTRI),Complete,1,50000,1,41250000,0,41250000,REA
2023BDx,FAB,2,Feb,120000000,60000000,660000000,60000000,No,All Pipelines SOM,2/28/2023,2/28/2023,2/28/2023,0065g00000WfkFQ,0065g00000WfkFQAAZ,2023BDx,Rack PT.SUFI,MTX10236889,SUMBER UTAMA FIBER INDONESIA,Internet Service Provider(ISP),STRATEGIC ENTERPRISE ACCOUNT,PUBLIC SECTOR,DC Colocation (Rack Based) Offer - IDR,86167419 (SENDRO JATI LINANGKUNG),Complete,1,1,12,720000000,0,60000000,KPSE
2023RacingIDA,FAB,2,Feb,10000002,10000001,10000000,0,No,All Pipelines SOM,2/28/2023,2/10/2023,3/3/2023,0065g00000WSduh,0065g00000WSduhAAD,2023RacingIDA,YULORE_IDA_OPPTY,,YULORE LIMITED,Other Technologies,REGIONAL ENTERPRISE ACCOUNT,JABODETABEK,Big Data Offer-Business Insight Enrichment,85228994 (NADYA MAYA SAVITRI),Complete,1,1,,10000000,10000000,1,REA
2023BDx,FAB,6,Jun,0,21500000,135500000,95000000,Done,SFA,6/30/2023,3/7/2023,3/24/2023,0065g00000Wfz4Z,0065g00000Wfz4ZAAR,2023BDx,JIN Additional 1 Rack,MTX10457277,JARINGAN INTERNET NUSANTARA,Internet Service Provider(ISP),WHOLESALE & CARRIER ACCOUNT,INTERNATIONAL DATA WHOLESALE,,94208391 (SARAH),Complete,1,1,12,230500000,2500000,19000000,WCA
2023RacingIDA,FAB,3,Mar,750000000,750000000,3000000000,500000000,Done,SFA,3/21/2023,3/21/2023,3/21/2023,0065g00000WgQrw,0065g00000WgQrwAAF,2023RacingIDA,Data Analytics Sandbox BIN Dir 64,MTX07713342,BADAN INTELIJEN NEGARA,Local Government,STRATEGIC ENTERPRISE ACCOUNT,MEDIA & ENERGY,,90229504 RIVO LINO,Complete,1,1,12,3500000000,500000000,250000000,KPSE
2023RacingIDA,FAB,3,Mar,105000000,105000000,150000000,10000000,No,All Pipelines SOM,3/13/2023,3/13/2023,3/13/2023,0065g00000WgAGs,0065g00000WgAGsAAN,2023RacingIDA,big data BPD Bali - Lead Generation - Kredit Multi,MTX07854036,BANK BPD BALI,Rural Bank (BPD),REGIONAL ENTERPRISE ACCOUNT,EAST REGIONAL,Big Data Offer-Lead Generation,6180141450 (NI LUH MADE YULIA DWIPAYANI),Complete,1,1,12,160000000,100000000,5000000,REA
2023RacingIDA,FAB,3,Mar,55000000,55000000,100000000,10000000,No,All Pipelines SOM,3/13/2023,3/13/2023,3/13/2023,0065g00000WgAH7,0065g00000WgAH7AAN,2023RacingIDA,big data bpd bali - Boost up user base Balipay,MTX07854036,BANK BPD BALI,Rural Bank (BPD),REGIONAL ENTERPRISE ACCOUNT,EAST REGIONAL,Big Data Offer-Lead Generation,6180141450 (NI LUH MADE YULIA DWIPAYANI),Complete,1,1,12,110000000,50000000,5000000,REA
2023RacingIDA,FAB,5,May,0,10000000,80000000,40000000,No,All Pipelines SOM,5/23/2023,2/16/2023,3/3/2023,0065g00000WSkhY,0065g00000WSkhYAAT,2023RacingIDA,Internal Source,,CLOSED BUY ASIA,System Integrator,REGIONAL ENTERPRISE ACCOUNT,JABODETABEK,Big Data Offer-Lead Generation,89229279 LIBRIA PUSPA TIRTA,Complete,1,1,12,120000000,0,10000000,REA
2023RacingIDA,NO,4,Apr,0,50000000,0,0,No,All Pipelines SOM,4/30/2023,3/6/2023,,0065g00000Wfx8E,0065g00000Wfx8EAAR,2023RacingIDA,BIG DATA for SDA and DAS,MTX08776934,MARKET PLACE BUKALAPAK,Trading Wholesaler,STRATEGIC ENTERPRISE ACCOUNT,STRATEGIC GROUP COMPANY ACCOUNT,Big Data Offer-Lead Generation,90208388 (SUROYYA JUNAIDI),Identify,1,1,,0,0,50000000,SEA
2023RacingIDA,FAB,3,Mar,1209358,1209358,1222300,2876,No,All Pipelines SOM,3/8/2023,3/7/2023,3/8/2023,0065g00000WfzVw,0065g00000WfzVwAAJ,2023RacingIDA,GOOGLE- IADS WA BLAST,,MODERN PULSA INVESTAMA,Venture Capital,REGIONAL ENTERPRISE ACCOUNT,JABODETABEK,Big Data Offer-Lead Generation,85228994 (NADYA MAYA SAVITRI),Complete,1,1438,12,1225176,1207920,1438,REA
2023RacingIDA,NO,3,Mar,1237500,1237500,12375000,2475000,No,All Pipelines SOM,3/30/2023,3/9/2023,3/9/2023,0065g00000Wg3KF,0065g00000Wg3KFAAZ,2023RacingIDA,WABA,,SURYA HARAPAN BANGSA,Other manufacturing,NATIONAL ENTERPRISE ACCOUNT,SUPPLY CHAIN & SERVICES,Big Data Offer-Lead Generation,0261220006 (Andre Saputra),Develop,1,1500,12,14850000,0,1237500,NEA
2023RacingIDA,FAB,3,Mar,375000000,375000000,1050000000,900000000,No,All Pipelines SOM,3/7/2023,3/7/2023,3/7/2023,0065g00000WfzZi,0065g00000WfzZiAAJ,2023RacingIDA,Google (Digital Marketing SDA),MTX01190599,ZURICH ASURANSI INDONESIA,Venture Capital,STRATEGIC ENTERPRISE ACCOUNT,STRATEGIC BANKING & FINANCIAL INSTITUTION,Big Data Offer-Business Insight Enrichment,84208380 (AHMAD SIDI SARAGIH),Complete,1,1,36,3000000000,300000000,75000000,SEA
2023BDx,NO,5,May,0,25000000,0,0,No,All Pipelines SOM,5/26/2023,3/2/2023,,0065g00000WfpL7,0065g00000WfpL7AAJ,2023BDx,Colocation,,NS BLUESCOPE LYSAGHT INDONESIA,,REGIONAL ENTERPRISE ACCOUNT,JABODETABEK,DC Colocation (Rack Based) Offer - IDR,0102614833 (Maya Sjartina),Identify,1,1,,0,0,25000000,REA
2023BDx,FAB,6,Jun,0,2500000000,2500000000,0,No,All Pipelines SOM,6/21/2023,3/2/2023,3/24/2023,0065g00000WfqAw,0065g00000WfqAwAAJ,2023BDx,UNIVERSITAS JAMBI - DRC COLLOCATION 2023,MTX10227178,"UNIVERSITAS JAMBI SEKRETARIAT UTAMA KEMENTERIAN RISET, TEKNOLOGI",Shools & Univ,REGIONAL ENTERPRISE ACCOUNT,WEST REGIONAL,DC Colocation (Rack Based) Offer - IDR,87136572 (RIEZKY DESTRIBUANA PUTRA),Complete,1,1,12,3600000000,2500000000,0,REA
isoc,FAB,3,Mar,120000000,120000000,120000000,0,Done,SFA,3/30/2023,3/30/2023,3/30/2023,0065g00000Wgt0D,0065g00000Wgt0DAAR,2023Securityhealth,Security Health Check  Polda Sumbar,MTX08378246,BID TIK POLDA SUMBAR KEPOLISIAN NEGARA REPUBLIK INDONESIA,Army,REGIONAL ENTERPRISE ACCOUNT,WEST REGIONAL,,71974376 (NICO ENJELIT),Complete,1,1,12,120000000,120000000,0,REA
2023BDx,FAB,10,Oct,0,1000000000,2000000000,4500000000,Done,SFA,10/30/2023,3/30/2023,3/30/2023,0065g00000Wgt4Z,0065g00000Wgt4ZAAR,2023BDx,Colocation DRC TNI AU,,TENTARA NASIONAL INDONESIA ANGKATAN UDARA (INDONESIAN AIR FORCE),Army,STRATEGIC ENTERPRISE ACCOUNT,MEDIA & ENERGY,,90229504 RIVO LINO,Complete,1,1,12,6500000000,500000000,500000000,SEA
2023BDx,NO,5,May,0,40000000,250000000,360000000,Done,SFA,5/31/2023,4/5/2023,4/5/2023,0065g00000Wh8Em,0065g00000Wh8EmAAJ,2023BDx,Colo + Leasedline BIN,MTX08280680,LIMA MENARA BINTANG,Local Government,STRATEGIC ENTERPRISE ACCOUNT,MEDIA & ENERGY,,90229504 RIVO LINO,Develop,1,2,36,1090000000,10000000,30000000,KPSE
ISPMaxBoost,FAB,4,Apr,0,75000000,600000000,0,Done,SFA,4/5/2023,4/5/2023,4/5/2023,0065g00000Wgsxt,0065g00000WgsxtAAB,2023-Q2MaximumBoost,NET SUN POWER,MTX10140116,NET SUN POWER,Internet Service Provider(ISP),REGIONAL ENTERPRISE ACCOUNT,EAST REGIONAL,,0257220004 (PUTRI NUR UTAMI RAMADHANI),Complete,1,1,8,600000000,0,75000000,REA
ISPMaxBoost,FAB,4,Apr,0,77000000,616000000,0,Done,SFA,4/5/2023,4/5/2023,4/5/2023,0065g00000WgsyR,0065g00000WgsyRAAR,2023-Q2MaximumBoost,MPLSb 500 Mbps,,PASIFIK WIJA TEKNOLOGI,"BuildingService,Architect&Eng.",REGIONAL ENTERPRISE ACCOUNT,EAST REGIONAL,,0257220004 (PUTRI NUR UTAMI RAMADHANI),Complete,1,1,8,616000000,0,77000000,REA
ISPMaxBoost,FAB,4,Apr,0,75000000,675000000,225000000,Done,SFA,4/5/2023,4/5/2023,4/5/2023,0065g00000Wh8Nj,0065g00000Wh8NjAAJ,2023-Q2MaximumBoost,MPLS  Loveika,MTX10460147,LOVEIKA HOST NUSANTARA,Internet Service Provider(ISP),REGIONAL ENTERPRISE ACCOUNT,EAST REGIONAL,,0257220004 (PUTRI NUR UTAMI RAMADHANI),Complete,1,1,12,900000000,0,75000000,REA
ISPMaxBoost,FAB,6,Jun,0,65000000,455000000,325000000,Done,SFA,6/30/2023,4/5/2023,4/6/2023,0065g00000Wh8er,0065g00000Wh8erAAB,2023-Q2MaximumBoost,Ip Transit Loveika,MTX10460147,LOVEIKA HOST NUSANTARA,Internet Service Provider(ISP),REGIONAL ENTERPRISE ACCOUNT,EAST REGIONAL,,0257220004 (PUTRI NUR UTAMI RAMADHANI),Complete,1,1,12,780000000,0,65000000,REA
ISPMaxBoost,FAB,4,Apr,5000000,14000000,86000000,108000000,Done,SFA,4/3/2023,4/4/2023,4/4/2023,0065g00000Wh2Zi,0065g00000Wh2ZiAAJ,(2023-Q2)MaximumBoost,MPLS 200 MB CYBER - SITE WONOMULYO,MTX07901709,JULIA MULTIMEDIA NUSANTARA,Internet Service Provider(ISP),WHOLESALE & CARRIER ACCOUNT,DOMESTIC WHOLESALE & INTERCONNECTION,,89228541 (LUTFI ZAWARI),Cash,1,1,24,221000000,5000000,9000000,WCA
ISPMaxBoost,FAB,4,Apr,2500000,5500000,29500000,9000000,Done,SFA,4/4/2023,4/4/2023,4/13/2023,0065g00000Wh40y,0065g00000Wh40yAAB,(2023-Q2)MaximumBoost,DETH 100 GOLEMPANG ISP MAXIMUM BOOST Q2 2023,MTX10156091,MULKAN SARANA SOLUSI,Hardware/Equipment Supplier,WHOLESALE & CARRIER ACCOUNT,DOMESTIC WHOLESALE & INTERCONNECTION,,91208350 (NAILAL MUSTAGHFIRI),Cash,1,1,12,38500000,2500000,3000000,WCA
ISPMaxBoost,FAB,4,Apr,2000000,12200000,93800000,30600000,Done,SFA,4/4/2023,4/4/2023,4/13/2023,0065g00000Wh47Z,0065g00000Wh47ZAAR,(2023-Q2)MaximumBoost,DETH 200 MBPS SITE AMUNTAI ISP MAXIMUM BOOST,MTX10290050,AMEERA MEGA BUANA,Agents/Distributors,WHOLESALE & CARRIER ACCOUNT,DOMESTIC WHOLESALE & INTERCONNECTION,,91208350 (NAILAL MUSTAGHFIRI),Cash,1,1,12,124400000,2000000,10200000,WCA
ISPMaxBoost,FAB,4,Apr,3500000,24800000,195200000,63900000,Done,SFA,4/4/2023,4/4/2023,4/13/2023,0065g00000Wh47t,0065g00000Wh47tAAB,(2023-Q2)MaximumBoost,DETH 500 MBPS SITE SERONGGA ISP MAKSIMUM BOOST,MTX10290050,AMEERA MEGA BUANA,Agents/Distributors,WHOLESALE & CARRIER ACCOUNT,DOMESTIC WHOLESALE & INTERCONNECTION,,91208350 (NAILAL MUSTAGHFIRI),Cash,1,1,12,259100000,3500000,21300000,WCA
ISPMaxBoost,FAB,5,May,0,12200000,83600000,40800000,Done,SFA,5/5/2023,4/5/2023,4/6/2023,0065g00000Wh8PL,0065g00000Wh8PLAAZ,(2023-Q2)MaximumBoost,DETH 200 MBPS PASIR PANJANG,MTX10290050,AMEERA MEGA BUANA,Agents/Distributors,WHOLESALE & CARRIER ACCOUNT,DOMESTIC WHOLESALE & INTERCONNECTION,,91208350 (NAILAL MUSTAGHFIRI),Cash,1,1,12,124400000,2000000,10200000,WCA
ISPMaxBoost,FAB,4,Apr,0,40000000,360000000,120000000,Done,SFA,4/4/2023,4/4/2023,4/4/2023,0065g00000Wh4BJ,0065g00000Wh4BJAAZ,(2023-Q2)MaximumBoost,MPLS 1000 LAXO GLOBAL AKSES (BREBES),MTX07577406,LAXO GLOBAL AKSES PT,MIG-CAT2-2015,REGIONAL ENTERPRISE ACCOUNT,EAST REGIONAL,,89197993 (WACHID ARIF BUDIMAN),Cash,1,1,12,480000000,0,40000000,REA
ISPMaxBoost,NO,5,May,0,18700000,3500000,0,Done,SFA,5/5/2023,4/4/2023,,0065g00000Wh4Jz,0065g00000Wh4JzAAJ,(2023-Q2)MaximumBoost,DETH 1G SITE INDRAMAYU MAKSIMUM BOOST 2023,MTX10334969,AKSES DATA INTERNUSA,Internet Service Provider(ISP),WHOLESALE & CARRIER ACCOUNT,DOMESTIC WHOLESALE & INTERCONNECTION,,91208350 (NAILAL MUSTAGHFIRI),Identify,1,1,,3500000,3500000,15200000,WCA
ISPMaxBoost,NO,5,May,0,18700000,3500000,0,Done,SFA,5/5/2023,4/4/2023,,0065g00000Wh4KO,0065g00000Wh4KOAAZ,(2023-Q2)MaximumBoost,DETH 1GBPS KLATEN MAKSIMUM BOOST,MTX10334969,AKSES DATA INTERNUSA,Internet Service Provider(ISP),WHOLESALE & CARRIER ACCOUNT,DOMESTIC WHOLESALE & INTERCONNECTION,,91208350 (NAILAL MUSTAGHFIRI),Identify,1,1,,3500000,3500000,15200000,WCA
2023RacingIDA,FAB,3,Mar,850000000,850000000,850000000,0,No,All Pipelines SOM,3/20/2023,3/20/2023,3/20/2023,0065g00000WgRxS,0065g00000WgRxSAAV,2023RacingIDA,IDA ISPL Lazada POC,MTX07715013,INDOSAT SINGAPORE PTE LTD,Other Technologies,WHOLESALE & CARRIER ACCOUNT,INTERNATIONAL WHOLESALE,Big Data Offer-Lead Generation,93218398 (ADISTI PRADANARI PUTRI),Cash,1,1,1,850000000,0,850000000,WCA
2023RacingIDA,FAB,3,Mar,25000001,25000001,25000010,2,No,All Pipelines SOM,3/24/2023,3/21/2023,3/24/2023,0065g00000WgYLU,0065g00000WgYLUAA3,2023RacingIDA,PT KAZEEE BIG DATA,,KAZEE DIGITAL INDONESIA,,REGIONAL ENTERPRISE ACCOUNT,JABODETABEK,Big Data Offer-Professional Services,0102614819 (DONI RIYADI),Complete,1,1,12,25000012,25000000,1,REA
2023RacingIDA,FAB,3,Mar,250000000,250000000,250000000,0,No,All Pipelines SOM,3/22/2023,3/22/2023,3/22/2023,0065g00000WgZsp,0065g00000WgZspAAF,2023RacingIDA,WA Broadcast - Ramadhan,MTX10526549,MENTENG HERITAGE REALTY TBK,Agents/Distributors,REGIONAL ENTERPRISE ACCOUNT,JABODETABEK,Big Data Offer-Lead Generation,89229279 LIBRIA PUSPA TIRTA,Cash,1,1,1,250000000,0,250000000,REA
2023RacingIDA,FAB,3,Mar,53000000,53000000,80000000,6000000,No,All Pipelines SOM,3/24/2023,3/16/2023,3/24/2023,0065g00000WgIfv,0065g00000WgIfvAAF,2023RacingIDA,IDA Whatsap Business,,UNIVERSITAS FAJAR,Shools & Univ,REGIONAL ENTERPRISE ACCOUNT,EAST REGIONAL,Big Data Offer-Professional Services,0102614823 (Fadhly),Complete,1,1,12,86000000,50000000,3000000,REA
2023BDx,NO,5,May,0,150000000,1200000000,600000000,No,All Pipelines SOM,5/15/2023,2/3/2023,2/3/2023,0065g00000UtFG3,0065g00000UtFG3AAN,2023BDx,Denave,,CAHAYA SUBUR LESTARI,Property Developer,REGIONAL ENTERPRISE ACCOUNT,JABODETABEK,DC Colocation (Rack Based) Offer - IDR,81136577 (DORIS SAFARI),Develop,1,1,12,54000000,0,150000000,REA
2023BDx,FAB,3,Mar,7000000,7000000,7000000,0,No,All Pipelines SOM,3/27/2023,3/20/2023,3/27/2023,0065g00000WgRn8,0065g00000WgRn8AAF,2023BDx,PERBAIKAN RACK AXA DCI,MTX07713470,PT AXA GROUP OPERATIONS INDONESIA,Venture Capital,STRATEGIC ENTERPRISE ACCOUNT,STRATEGIC BANKING & FINANCIAL INSTITUTION,DC Colocation (Rack Based) Offer - IDR,84208380 (AHMAD SIDI SARAGIH),Cash,1,1,1,7000000,7000000,0,SEA
ISPMaxBoost,FAB,4,Apr,0,60000000,540000000,180000000,Done,SFA,4/6/2023,4/6/2023,4/6/2023,0065g00000WgrQO,0065g00000WgrQOAAZ,2023-Q2MaximumBoost,PASIFIK WIJA TEKNOLOGI,,PASIFIK WIJA TEKNOLOGI,"BuildingService,Architect&Eng.",REGIONAL ENTERPRISE ACCOUNT,EAST REGIONAL,,0257220004 (PUTRI NUR UTAMI RAMADHANI),Complete,1,1,12,720000000,0,60000000,REA
ISPMaxBoost,FAB,4,Apr,0,60000000,540000000,180000000,Done,SFA,4/6/2023,4/6/2023,4/6/2023,0065g00000WhAcg,0065g00000WhAcgAAF,2023-Q2MaximumBoost,Loveika MPLS,MTX10460147,LOVEIKA HOST NUSANTARA,Internet Service Provider(ISP),REGIONAL ENTERPRISE ACCOUNT,EAST REGIONAL,,0257220004 (PUTRI NUR UTAMI RAMADHANI),Complete,1,1,12,720000000,0,60000000,REA
ISPMaxBoost,FAB,4,Apr,3500000,19000000,143000000,46500000,Done,SFA,4/13/2023,4/6/2023,4/13/2023,0065g00000WhAoT,0065g00000WhAoTAAV,2023-Q2MaximumBoost,CHAYO - MPLS 1 GB,MTX10488710,CHAYO ANUGERAH TEKNOLOGI,Internet Service Provider(ISP),REGIONAL ENTERPRISE ACCOUNT,EAST REGIONAL,,0102614826 (Aeisha Azalia Neva),Cash,1,1,12,189500000,3500000,15500000,REA
ISPMaxBoost,FAB,4,Apr,3500000,13500000,93500000,30000000,Done,SFA,4/13/2023,4/11/2023,4/13/2023,0065g00000WhIUJ,0065g00000WhIUJAA3,2023-Q2MaximumBoost,PDM - 500 MB,MTX10488181,PERSADA DATA MULTIMEDIA,Internet Service Provider(ISP),REGIONAL ENTERPRISE ACCOUNT,EAST REGIONAL,,0102614827 (Mohammad Dzulfikar Agus Tsani),Cash,1,1,12,123500000,3500000,10000000,REA
ISPMaxBoost,FAB,4,Apr,3500000,6000000,26000000,7500000,Done,SFA,4/10/2023,4/10/2023,4/10/2023,0065g00000WhIfQ,0065g00000WhIfQAAV,2023-Q2MaximumBoost,CDTN-Site Jembrana Maximum Boost,MTX10658938,CLOUD DATA TEKNOLOGI NUSANTARA,Other Technologies,REGIONAL ENTERPRISE ACCOUNT,EAST REGIONAL,,0102614826 (Aeisha Azalia Neva),Complete,1,1,12,33500000,3500000,2500000,REA
ISPMaxBoost,FAB,4,Apr,3500000,32500000,264500000,87000000,Done,SFA,4/12/2023,4/10/2023,4/12/2023,0065g00000WhIij,0065g00000WhIijAAF,2023-Q2MaximumBoost,Linkbit Inovasi Teknologi-Promo MPLS,,LINKBIT INOVASI TEKNOLOGI,Internet Service Provider(ISP),REGIONAL ENTERPRISE ACCOUNT,EAST REGIONAL,,0102614826 (Aeisha Azalia Neva),Complete,1,1,12,351500000,3500000,29000000,REA
ISPMaxBoost,FAB,4,Apr,3500000,6000000,26000000,7500000,Done,SFA,4/10/2023,4/10/2023,4/10/2023,0065g00000WhIm7,0065g00000WhIm7AAF,2023-Q2MaximumBoost,CDTN-Site Karangasem Maximum Boost,MTX10658938,CLOUD DATA TEKNOLOGI NUSANTARA,Other Technologies,REGIONAL ENTERPRISE ACCOUNT,EAST REGIONAL,,0102614826 (Aeisha Azalia Neva),Complete,1,1,12,33500000,3500000,2500000,REA
ISPMaxBoost,NO,6,Jun,0,21500000,150500000,107500000,Done,SFA,6/30/2023,4/12/2023,4/12/2023,0065g00000WhNYe,0065g00000WhNYeAAN,2023-Q2MaximumBoost,Internal Source,,ALNET TELEKOMUNIKASI INDONESIA,Other Technologies,REGIONAL ENTERPRISE ACCOUNT,EAST REGIONAL,,0257220004 (PUTRI NUR UTAMI RAMADHANI),Develop,1,1,12,258000000,0,21500000,REA
ISPMaxBoost,FAB,4,Apr,1650000,8310000,61590000,19980000,Done,SFA,4/11/2023,4/10/2023,4/11/2023,0065g00000WhIfb,0065g00000WhIfbAAF,(2023-Q2)MaximumBoost,MPLS 100 MBPS,MTX10344654,PRICOM MEDIA SOLUSI,Internet Service Provider(ISP),REGIONAL ENTERPRISE ACCOUNT,EAST REGIONAL,,0102614823 (Fadhly),Complete,1,1,12,81570000,1650000,6660000,REA
ISPMaxBoost,FAB,4,Apr,0,17500000,157500000,52500000,Done,SFA,4/10/2023,4/6/2023,4/10/2023,0065g00000WhBYz,0065g00000WhBYzAAN,(2023-Q2)MaximumBoost,Project MPLS L2 PT. Pandutama Karya Selaras 2023,MTX09913053,PANDUTAMA KARYA SELARAS,Trading Wholesaler,REGIONAL ENTERPRISE ACCOUNT,WEST REGIONAL,,0102614802 (DEPRI ALHAKI),Complete,1,1,12,210000000,0,17500000,REA
ISPMaxBoost,FAB,4,Apr,0,25000000,225000000,300000000,Done,SFA,4/11/2023,4/11/2023,4/11/2023,0065g00000WhKcE,0065g00000WhKcEAAV,(2023-Q2)MaximumBoost,Project PT. Putra Borneo Teknologi,,PUTRA BORNEO TEKNOLOGI,Internet Service Provider(ISP),REGIONAL ENTERPRISE ACCOUNT,WEST REGIONAL,,0102614802 (DEPRI ALHAKI),Complete,1,1,24,600000000,0,25000000,REA
ISPMaxBoost,NO,5,May,0,18000000,144000000,72000000,Done,SFA,5/31/2023,4/13/2023,4/13/2023,0065g00000WhP4l,0065g00000WhP4lAAF,(2023-Q2)MaximumBoost,Project PT. Levina Levita Network,,LEVINA LEVITA NET,Internet Service Provider(ISP),REGIONAL ENTERPRISE ACCOUNT,WEST REGIONAL,,0102614802 (DEPRI ALHAKI),Value,1,1,12,216000000,0,18000000,REA
ISPMaxBoost,FAB,3,Mar,25000000,25000000,205000000,40000000,Done,SFA,3/27/2023,4/4/2023,4/6/2023,0065g00000Wgn0l,0065g00000Wgn0lAAB,(2023-Q2)MaximumBoost,MPLS 1G CYBER - SARANG KALIGEDE TUBAN,MTX10677390,AKSES UTAMA DINAMIKA,Domestic Telco Operator,WHOLESALE & CARRIER ACCOUNT,DOMESTIC WHOLESALE & INTERCONNECTION,,89228541 (LUTFI ZAWARI),Complete,1,1,12,245000000,5000000,20000000,WCA
ISPMaxBoost,FAB,4,Apr,2000000,17000000,137000000,180000000,Done,SFA,4/11/2023,4/11/2023,4/11/2023,0065g00000WhL3a,0065g00000WhL3aAAF,(2023-Q2)MaximumBoost,DETH PALAPA NUSANTARA 500 ISP MAKSIMUM BOOST,MTX08698232,PALAPA GLOBAL NUSANTARA,"Arts,entertainment& recreation",WHOLESALE & CARRIER ACCOUNT,DOMESTIC WHOLESALE & INTERCONNECTION,,91208350 (NAILAL MUSTAGHFIRI),Cash,1,1,24,362000000,2000000,15000000,REA
ISPMaxBoost,FAB,4,Apr,2000000,12200000,93800000,30600000,Done,SFA,4/12/2023,4/12/2023,4/12/2023,0065g00000WhMmW,0065g00000WhMmWAAV,(2023-Q2)MaximumBoost,DETH 200MBPS KERTOHARJO MAXIMUM BOOST,MTX10680681,DEWATA MEDIA TEKNOLOGI,Internet Service Provider(ISP),WHOLESALE & CARRIER ACCOUNT,DOMESTIC WHOLESALE & INTERCONNECTION,,91208350 (NAILAL MUSTAGHFIRI),Complete,1,1,12,124400000,2000000,10200000,WCA
ISPMaxBoost,FAB,4,Apr,3500000,38500000,318500000,105000000,Done,SFA,4/3/2023,4/3/2023,4/3/2023,0065g00000Wh1rQ,0065g00000Wh1rQAAR,2023-Q2MaximumBoost,PT INTI BANGUN SEJAHTERA SITE METRO LPG,MTX10287374,INTI BANGUN SEJAHTERA TBK,Construction,REGIONAL ENTERPRISE ACCOUNT,WEST REGIONAL,,79126435 (ADE IRMA FAUZIAH),Complete,1,1,12,423500000,3500000,35000000,REA
ISPMaxBoost,NO,4,Apr,3500000,8350000,47150000,14550000,Done,SFA,4/18/2023,4/13/2023,4/13/2023,0065g00000WhOge,0065g00000WhOgeAAF,2023-Q2MaximumBoost,PT PANCA DUTA UTAMA SITE INDRAGIRI HULU,MTX08637177,PANCA DUTA UTAMA,Hardware/Equipment Supplier,REGIONAL ENTERPRISE ACCOUNT,WEST REGIONAL,,79126435 (ADE IRMA FAUZIAH),Develop,1,1,12,61700000,3500000,4850000,REA
ISPMaxBoost,FAB,4,Apr,0,25000000,225000000,75000000,Done,SFA,4/4/2023,4/4/2023,4/4/2023,0065g00000Wh4Fn,0065g00000Wh4FnAAJ,(2023-Q2)MaximumBoost,MPLS site Sungai lilin,MTX08505009,DUAK SATU DUA TIGA,Hardware/Equipment Supplier,REGIONAL ENTERPRISE ACCOUNT,WEST REGIONAL,,71974376 (NICO ENJELIT),Complete,1,1,12,300000000,0,25000000,REA
ISPMaxBoost,FAB,4,Apr,0,25000000,225000000,75000000,Done,SFA,4/5/2023,4/5/2023,4/5/2023,0065g00000Wh8AL,0065g00000Wh8ALAAZ,(2023-Q2)MaximumBoost,MPLS 500 Mbps site Pinrang,MTX09482393,JARINGANKU SARANA NUSANTARA,Internet Service Provider(ISP),REGIONAL ENTERPRISE ACCOUNT,WEST REGIONAL,,71974376 (NICO ENJELIT),Complete,1,1,12,300000000,0,25000000,REA
ISPMaxBoost,FAB,4,Apr,0,25000000,225000000,75000000,Done,SFA,4/5/2023,4/5/2023,4/5/2023,0065g00000Wh8NU,0065g00000Wh8NUAAZ,(2023-Q2)MaximumBoost,MPLS 500 Mbps site sangatta,MTX09482393,JARINGANKU SARANA NUSANTARA,Internet Service Provider(ISP),REGIONAL ENTERPRISE ACCOUNT,WEST REGIONAL,,71974376 (NICO ENJELIT),Complete,1,1,12,300000000,0,25000000,REA
ISPMaxBoost,FAB,4,Apr,0,15000000,135000000,45000000,Done,SFA,4/11/2023,4/11/2023,4/11/2023,0065g00000WhKZZ,0065g00000WhKZZAA3,(2023-Q2)MaximumBoost,MPLS 100 Mbs site Jambi,MTX08505009,DUAK SATU DUA TIGA,Hardware/Equipment Supplier,REGIONAL ENTERPRISE ACCOUNT,WEST REGIONAL,,71974376 (NICO ENJELIT),Complete,1,1,12,180000000,0,15000000,REA
ISPMaxBoost,FAB,4,Apr,0,12000000,108000000,36000000,Done,SFA,4/12/2023,4/12/2023,4/12/2023,0065g00000WhMh2,0065g00000WhMh2AAF,(2023-Q2)MaximumBoost,MPLS 20 Mbps site Samarinda,MTX08505009,DUAK SATU DUA TIGA,Hardware/Equipment Supplier,REGIONAL ENTERPRISE ACCOUNT,WEST REGIONAL,,71974376 (NICO ENJELIT),Complete,1,1,12,144000000,0,12000000,REA
ISPMaxBoost,NO,4,Apr,5000000,30000000,230000000,75000000,Done,SFA,4/30/2023,4/6/2023,4/6/2023,0065g00000WhAYy,0065g00000WhAYyAAN,(2023-Q2)MaximumBoost,TECHNO MANDIRI TELEMATIKA MPLS,MTX10561144,TECHNO MANDIRI TELEMATIKA,Business&Management Consulting,REGIONAL ENTERPRISE ACCOUNT,EAST REGIONAL,,84229498 (SARDI),Value,1,1,12,305000000,5000000,25000000,REA
ISPMaxBoost,NO,4,Apr,3500000,10500000,66500000,21000000,Done,SFA,4/30/2023,4/10/2023,4/10/2023,0065g00000WhIWK,0065g00000WhIWKAA3,2023-Q2MaximumBoost,TECHNO MANDIRI TELEMATIKA MPLS SITE KOLAKA,MTX10561144,TECHNO MANDIRI TELEMATIKA,Business&Management Consulting,REGIONAL ENTERPRISE ACCOUNT,EAST REGIONAL,,84229498 (SARDI),Develop,1,1,12,87500000,3500000,7000000,REA
ISPMaxBoost,NO,4,Apr,3500000,10500000,66500000,21000000,Done,SFA,4/30/2023,4/10/2023,4/10/2023,0065g00000WhIfV,0065g00000WhIfVAAV,2023-Q2MaximumBoost,TECHNO MANDIRI TELEMATIKA MPLS SITE SELAYAR,MTX10561144,TECHNO MANDIRI TELEMATIKA,Business&Management Consulting,REGIONAL ENTERPRISE ACCOUNT,EAST REGIONAL,,84229498 (SARDI),Develop,1,1,12,87500000,3500000,7000000,REA
ISPMaxBoost,NO,4,Apr,3500000,10500000,66500000,21000000,Done,SFA,4/30/2023,4/10/2023,4/10/2023,0065g00000WhIhC,0065g00000WhIhCAAV,2023-Q2MaximumBoost,TECHNO MANDIRI TELEMATIKA MPLS SITE JENEPONTO,MTX10561144,TECHNO MANDIRI TELEMATIKA,Business&Management Consulting,REGIONAL ENTERPRISE ACCOUNT,EAST REGIONAL,,84229498 (SARDI),Develop,1,1,12,87500000,3500000,7000000,REA
2023RacingIDA,NO,8,Aug,0,1750000000,1000000000,0,Done,SFA,8/31/2023,4/10/2023,,0065g00000WgDvL,0065g00000WgDvLAAV,2023RacingIDA,Inspeksi data Humas Polri,,DIVISI HUMAS MABES POLRI,Army,STRATEGIC ENTERPRISE ACCOUNT,MEDIA & ENERGY,,90229504 RIVO LINO,Identify,1,1,,1000000000,1000000000,750000000,SEA
Bosqu,FAB,4,Apr,774000000,774810000,781290000,2430000,Done,SFA,4/17/2023,4/17/2023,4/17/2023,0065g00000WhXA3,0065g00000WhXA3AAN,2023-Q2Bosqu,Bundling Device _PT. ASG April 2023,MTX05557390,ADITYA SARANA GRAHA PT,Trading Wholesaler,NATIONAL ENTERPRISE ACCOUNT,GOVERNMENT & PUBLIC SECTOR,,0526108807 (MULIYA FATMA SARI),Complete,1,18,12,783720000,774000000,810000,NEA
ISPMaxBoost,FAB,4,Apr,3500000,18800000,141200000,45900000,Done,SFA,4/14/2023,4/14/2023,4/14/2023,0065g00000WhPVm,0065g00000WhPVmAAN,2023-Q2MaximumBoost,Link Data Sumber Barokah-MPLS 1 Gb,MTX10708978,LINK DATA SUMBER BAROKAH,Internet Service Provider(ISP),REGIONAL ENTERPRISE ACCOUNT,EAST REGIONAL,,0102614826 (Aeisha Azalia Neva),Complete,1,1,12,187100000,3500000,15300000,REA
ISPMaxBoost,NO,6,Jun,0,13500000,73500000,50000000,Done,SFA,6/30/2023,4/18/2023,4/18/2023,0065g00000Wha3S,0065g00000Wha3SAAR,2023-Q2MaximumBoost,PRATAMA HASTA UTAMA SOLUSINDO - IP Transit Sulbar,MTX10375680,PRATAMA HASTA UTAMA SOLUSINDO,Internet Service Provider(ISP),REGIONAL ENTERPRISE ACCOUNT,EAST REGIONAL,,0102614827 (Mohammad Dzulfikar Agus Tsani),Develop,1,1,12,123500000,3500000,10000000,REA
ISPMaxBoost,NO,5,May,0,18500000,123500000,60000000,Done,SFA,5/10/2023,4/18/2023,4/27/2023,0065g00000WhYwK,0065g00000WhYwKAAV,(2023-Q2)MaximumBoost,MPLS Medan,,KMP PERMATA MANDIRI,Internet Service Provider(ISP),REGIONAL ENTERPRISE ACCOUNT,WEST REGIONAL,,0102614280 Bayu Rosyahdi,Value,1,1,12,183500000,3500000,15000000,REA
ISPMaxBoost,NO,4,Apr,5000000,21000000,149000000,48000000,Done,SFA,4/12/2023,4/12/2023,4/12/2023,0065g00000WhNHP,0065g00000WhNHPAA3,(2023-Q2)MaximumBoost,MPLS 1 GB SDI CYBER - INTILAND SURABAYA,MTX08918364,MITRA VISIONER PRATAMA,Trading Wholesaler,WHOLESALE & CARRIER ACCOUNT,DOMESTIC WHOLESALE & INTERCONNECTION,,89228541 (LUTFI ZAWARI),Develop,1,1,12,197000000,5000000,16000000,WCA
ISPMaxBoost,NO,4,Apr,5000000,335000000,2975000000,990000000,Done,SFA,4/13/2023,4/16/2023,4/16/2023,0065g00000WhPc4,0065g00000WhPc4AAF,(2023-Q2)MaximumBoost,1 GB MPLS Intiland surabaya - IDC Bosowa,MTX08918364,MITRA VISIONER PRATAMA,Trading Wholesaler,WHOLESALE & CARRIER ACCOUNT,DOMESTIC WHOLESALE & INTERCONNECTION,,89228541 (LUTFI ZAWARI),Develop,1,1,12,3965000000,5000000,330000000,WCA
BOSQU,FAB,4,Apr,0,1000000,9000000,3000000,Done,SFA,4/28/2023,4/17/2023,4/28/2023,0065g00000WhX1v,0065g00000WhX1vAAF,Bosqu 2.0,PENAMBAHAN 10 NOMER,MTX10433876,"DINAS PENGENDALIAN PENDUDUK, KELUARGA BERENCANA,",Local Government,B2B SMB,BUSINESS PARTNER,Pro Freedom Apps 5GB,75002378 (SUWARNI),Cash,1,10,12,12000000,0,1000000,REA
BOSQU,FAB,4,Apr,0,100000,900000,300000,Done,SFA,4/17/2023,4/17/2023,4/17/2023,0065g00000WhXGu,0065g00000WhXGuAAN,BOSQU 2.0,1 nomer,MTX07625173,PT BOEING INDONESIA,Other manufacturing,B2B SMB,BUSINESS PARTNER,Pro Freedom Apps 5GB,75014901 (FIRNA FIDUSIA),Complete,1,1,12,1200000,0,100000,SMB
ISPMaxBoost,FAB,6,Jun,0,73500000,493500000,350000000,Done,SFA,6/30/2023,4/17/2023,4/17/2023,0065g00000Wh6yT,0065g00000Wh6yTAAR,2023-Q2MaximumBoost,BLIP LINK YOGYA,MTX10500997,BLIP INTEGRATOR PROVIDER,Internet Service Provider(ISP),REGIONAL ENTERPRISE ACCOUNT,EAST REGIONAL,,81146715 (FRANSISCA EVELINNE POILLOT),Complete,1,2,12,843500000,3500000,70000000,REA
ISPMaxBoost,FAB,4,Apr,3500000,73500000,633500000,210000000,Done,SFA,4/17/2023,4/17/2023,4/17/2023,0065g00000WhXJj,0065g00000WhXJjAAN,2023-Q2MaximumBoost,MSA LINK JOGJA,MTX08710339,MEDIA SARANA AKSES,IT Consultants,REGIONAL ENTERPRISE ACCOUNT,EAST REGIONAL,,81146715 (FRANSISCA EVELINNE POILLOT),Complete,1,2,12,843500000,3500000,70000000,REA
ISPMaxBoost,FAB,4,Apr,5000000,11000000,59000000,18000000,Done,SFA,4/7/2023,4/6/2023,4/11/2023,0065g00000WhA3X,0065g00000WhA3XAAV,(2023-Q2)MaximumBoost,MPLS  150 ARTORIUS TELEMETRI SENTOSA TUBAN,MTX07852428,ARTORIUS TELEMETRI SENTOSA,Internet Service Provider(ISP),REGIONAL ENTERPRISE ACCOUNT,EAST REGIONAL,,71942203 (KUN RIYANTO),Complete,1,1,12,77000000,5000000,6000000,REA
Bosqu,FAB,4,Apr,0,45000,405000,135000,Done,SFA,4/10/2023,4/10/2023,4/10/2023,0065g00000WhILp,0065g00000WhILpAAN,2023-Q2Bosqu,FREEDOM  45K BABARAFI   1 10042023,MTX09673481,BABA RAFI INTERNASIONAL,Trading Wholesaler,REGIONAL ENTERPRISE ACCOUNT,EAST REGIONAL,,71942203 (KUN RIYANTO),Cash,1,1,12,540000,0,45000,REA
Bosqu,FAB,4,Apr,0,45000,405000,135000,Done,SFA,4/11/2023,4/10/2023,4/11/2023,0065g00000WhJ0x,0065g00000WhJ0xAAF,2023-Q2Bosqu,FREEDOM  45K BABARAFI   1 04012023_B,MTX09673481,BABA RAFI INTERNASIONAL,Trading Wholesaler,REGIONAL ENTERPRISE ACCOUNT,EAST REGIONAL,,71942203 (KUN RIYANTO),Cash,1,1,12,540000,0,45000,REA
ISPMaxBoost,FAB,4,Apr,5000000,35000000,275000000,90000000,Done,SFA,4/11/2023,4/10/2023,4/12/2023,0065g00000WhJ41,0065g00000WhJ41AAF,(2023-Q2)MaximumBoost,IP TRANSIT PO SATELIT GLOBAL MEDIA,,SATELIT GLOBAL MEDIA,Internet Service Provider(ISP),REGIONAL ENTERPRISE ACCOUNT,EAST REGIONAL,,71942203 (KUN RIYANTO),Complete,1,1,12,365000000,5000000,30000000,REA
Bosqu,FAB,4,Apr,0,70000,630000,210000,Done,SFA,4/14/2023,4/11/2023,4/14/2023,0065g00000WhKhJ,0065g00000WhKhJAAV,2023-Q2Bosqu,PRIMEBIZ 70K PETROKIMIA GRESIK 26 11042023,MTX07779153,PETROKIMIA GRESIK,Other manufacturing,REGIONAL ENTERPRISE ACCOUNT,EAST REGIONAL,,71942203 (KUN RIYANTO),Cash,1,1,12,840000,0,70000,SMB
Bosqu,FAB,4,Apr,0,150000,1350000,450000,Done,SFA,4/13/2023,4/11/2023,4/13/2023,0065g00000WhLHS,0065g00000WhLHSAA3,2023-Q2Bosqu,PRIMEBIZ 150K YANASURYA BHAKTIPERSADA 50 11042023,MTX09609916,YANASURYA BHAKTIPERSADA,Other manufacturing,REGIONAL ENTERPRISE ACCOUNT,EAST REGIONAL,,71942203 (KUN RIYANTO),Cash,1,1,12,1800000,0,150000,NEA
ISPMaxBoost,FAB,4,Apr,5000000,25000000,185000000,60000000,Done,SFA,4/14/2023,4/14/2023,4/27/2023,0065g00000WhSWb,0065g00000WhSWbAAN,(2023-Q2)MaximumBoost,MPLS 1000 SATELIT GLOBAL MEDIA  BANGSALSARI,,SATELIT GLOBAL MEDIA,Internet Service Provider(ISP),REGIONAL ENTERPRISE ACCOUNT,EAST REGIONAL,,71942203 (KUN RIYANTO),Complete,1,1,12,245000000,5000000,20000000,REA
ISPMaxBoost,FAB,4,Apr,5000000,15000000,95000000,30000000,Done,SFA,4/18/2023,4/17/2023,4/27/2023,0065g00000WhXQb,0065g00000WhXQbAAN,(2023-Q2)MaximumBoost,MPLS 300 KOMUNIKASI INTI DATA MAKASSAR,,KOMUNIKASI INTI DATA,Internet Service Provider(ISP),REGIONAL ENTERPRISE ACCOUNT,EAST REGIONAL,,71942203 (KUN RIYANTO),Complete,1,1,12,125000000,5000000,10000000,REA
ISPMaxBoost,FAB,4,Apr,5000000,30000000,230000000,75000000,Done,SFA,4/18/2023,4/17/2023,4/27/2023,0065g00000WhXVz,0065g00000WhXVzAAN,(2023-Q2)MaximumBoost,MPLS 1000 MBPS KOMUNIKASI INTI DATA BANTEN,,KOMUNIKASI INTI DATA,Internet Service Provider(ISP),REGIONAL ENTERPRISE ACCOUNT,EAST REGIONAL,,71942203 (KUN RIYANTO),Complete,1,1,12,305000000,5000000,25000000,REA
ISPMaxBoost,FAB,4,Apr,5000000,13000000,77000000,24000000,Done,SFA,4/18/2023,4/18/2023,4/27/2023,0065g00000Wha6b,0065g00000Wha6bAAB,(2023-Q2)MaximumBoost,MPLS 300 ARTORIUS TELEMETRI SENTOSA GRESIK,MTX07852428,ARTORIUS TELEMETRI SENTOSA,Internet Service Provider(ISP),REGIONAL ENTERPRISE ACCOUNT,EAST REGIONAL,,71942203 (KUN RIYANTO),Complete,1,1,12,101000000,5000000,8000000,REA
ISPMaxBoost,FAB,4,Apr,5000000,37000000,293000000,96000000,Done,SFA,4/20/2023,4/20/2023,4/27/2023,0065g00000Whdki,0065g00000WhdkiAAB,(2023-Q2)MaximumBoost,MPLS 2000 INTERNET INI SAJA  CYBER,MTX07646831,"INTERNET INI SAJA ,PT",Other Technologies,REGIONAL ENTERPRISE ACCOUNT,EAST REGIONAL,,71942203 (KUN RIYANTO),Complete,1,1,12,389000000,5000000,32000000,NEA
ISPMaxBoost,FAB,4,Apr,5000000,25000000,185000000,60000000,Done,SFA,4/20/2023,4/20/2023,4/27/2023,0065g00000Whdl2,0065g00000Whdl2AAB,(2023-Q2)MaximumBoost,MPLS 1500 ARTORIUS TELEMETRI SENTOSA LONTAR CBYER,MTX07852428,ARTORIUS TELEMETRI SENTOSA,Internet Service Provider(ISP),REGIONAL ENTERPRISE ACCOUNT,EAST REGIONAL,,71942203 (KUN RIYANTO),Complete,1,1,12,245000000,5000000,20000000,REA
ISPMaxBoost,FAB,4,Apr,0,30000000,270000000,90000000,Done,SFA,4/20/2023,4/20/2023,4/27/2023,0065g00000Whdll,0065g00000WhdllAAB,(2023-Q2)MaximumBoost,MPLS 2000 ARTORIUS TELEMETRI SENTOSA  WIJAYA CYBER,MTX07852428,ARTORIUS TELEMETRI SENTOSA,Internet Service Provider(ISP),REGIONAL ENTERPRISE ACCOUNT,EAST REGIONAL,,71942203 (KUN RIYANTO),Complete,1,1,12,360000000,0,30000000,REA
ISPMaxBoost,FAB,4,Apr,0,15000000,135000000,45000000,Done,SFA,4/20/2023,4/20/2023,4/27/2023,0065g00000Whdlv,0065g00000WhdlvAAB,(2023-Q2)MaximumBoost,INP 350 ARTORIUS TELEMETRI SENTOSA CYBER,MTX07852428,ARTORIUS TELEMETRI SENTOSA,Internet Service Provider(ISP),REGIONAL ENTERPRISE ACCOUNT,EAST REGIONAL,,71942203 (KUN RIYANTO),Complete,1,1,12,180000000,0,15000000,REA
ISPMaxBoost,FAB,4,Apr,5000000,51000000,419000000,138000000,Done,SFA,4/20/2023,4/20/2023,4/27/2023,0065g00000WhdmF,0065g00000WhdmFAAR,(2023-Q2)MaximumBoost,INIX 3150 ARTORIUS TELEMETRI SENTOSA CYBER,MTX07852428,ARTORIUS TELEMETRI SENTOSA,Internet Service Provider(ISP),REGIONAL ENTERPRISE ACCOUNT,EAST REGIONAL,,71942203 (KUN RIYANTO),Complete,1,1,12,557000000,5000000,46000000,REA
ISPMaxBoost,FAB,4,Apr,45500000,82900000,382100000,112200000,Done,SFA,4/18/2023,4/17/2023,4/18/2023,0065g00000WhPY9,0065g00000WhPY9AAN,(2023-Q2)MaximumBoost,Lintasmaya Multimedia_IP Transit_ISP Max Boost,MTX08734621,LINTASMAYA MULTI MEDIA,"Arts,entertainment& recreation",REGIONAL ENTERPRISE ACCOUNT,EAST REGIONAL,,84198077 (JUAN AUDYA SENGKEY),Complete,1,13,12,494300000,45500000,37400000,REA
ISPMaxBoost,FAB,4,Apr,3500000,48500000,408500000,135000000,Done,SFA,4/18/2023,4/17/2023,4/18/2023,0065g00000WhPam,0065g00000WhPamAAF,(2023-Q2)MaximumBoost,Multinet Perkasa Indonesia_IP Transit_ISP Max Boos,,MULTINET PERKASA INDONESIA,Internet Service Provider(ISP),REGIONAL ENTERPRISE ACCOUNT,EAST REGIONAL,,84198077 (JUAN AUDYA SENGKEY),Complete,1,1,12,543500000,3500000,45000000,REA
ISPMaxBoost,FAB,4,Apr,29400000,108000000,736800000,235800000,Done,SFA,4/18/2023,4/17/2023,4/18/2023,0065g00000WhPqM,0065g00000WhPqMAAV,(2023-Q2)MaximumBoost,bkv net - ISP Attack,MTX08201781,BKV NET TELEMEDIA,Other Technologies,REGIONAL ENTERPRISE ACCOUNT,EAST REGIONAL,,84198077 (JUAN AUDYA SENGKEY),Complete,1,8,12,972600000,29400000,78600000,REA
ISPMaxBoost,FAB,4,Apr,0,29000000,261000000,87000000,Done,SFA,4/18/2023,4/17/2023,4/18/2023,0065g00000WhPrF,0065g00000WhPrFAAV,(2023-Q2)MaximumBoost,Transkon Jaya - MPLS-ISP Attack,MTX07733027,TRANSKON JAYA,Other Technologies,REGIONAL ENTERPRISE ACCOUNT,EAST REGIONAL,,84198077 (JUAN AUDYA SENGKEY),Complete,1,1,12,348000000,0,29000000,REA
ISPMaxBoost,FAB,4,Apr,42700000,59800000,196600000,51300000,Done,SFA,4/18/2023,4/18/2023,4/18/2023,0065g00000WhPsh,0065g00000WhPshAAF,(2023-Q2)MaximumBoost,comtelindo-isp attack,MTX07793940,COMTELINDO,Internet Service Provider(ISP),REGIONAL ENTERPRISE ACCOUNT,EAST REGIONAL,,84198077 (JUAN AUDYA SENGKEY),Complete,1,10,12,247900000,42700000,17100000,REA
ISPMaxBoost,FAB,4,Apr,3500000,21500000,165500000,54000000,Done,SFA,4/18/2023,4/17/2023,4/18/2023,0065g00000WhX7x,0065g00000WhX7xAAF,(2023-Q2)MaximumBoost,Mitra Internet Tech-IP Transit,MTX07836340,MITRA INTERNET TECH,Internet Service Provider(ISP),REGIONAL ENTERPRISE ACCOUNT,EAST REGIONAL,,84198077 (JUAN AUDYA SENGKEY),Complete,1,1,12,219500000,3500000,18000000,REA
ISPMaxBoost,FAB,4,Apr,0,42000000,378000000,126000000,Done,SFA,4/18/2023,4/17/2023,4/18/2023,0065g00000WhXFX,0065g00000WhXFXAA3,(2023-Q2)MaximumBoost,Internal Source,,MAHAKAM GLOBAL MEDIA,Internet Service Provider(ISP),REGIONAL ENTERPRISE ACCOUNT,EAST REGIONAL,,84198077 (JUAN AUDYA SENGKEY),Complete,1,1,12,504000000,0,42000000,REA
ISPMaxBoost,NO,5,May,0,26275000,175200000,85100000,Done,SFA,5/31/2023,4/14/2023,4/14/2023,0065g00000WhRwY,0065g00000WhRwYAAV,2023-Q2MaximumBoost,Internal Source,MTX10323627,JAVA MEDIA GRUP,Internet Service Provider(ISP),WHOLESALE & CARRIER ACCOUNT,DOMESTIC WHOLESALE & INTERCONNECTION,,88198186 (BAGUS ENDRO WICAKSONO),Develop,1,1,12,260300000,5000000,21275000,WCA
