Activity,Oppty,Corp Name,Group,WEST REGIONAL,Department,Month of event,Program Name,STAGE ,Actual Cost,Revenue
JPS,0065g00000P3zKmAAJ,Diskominfo Lampung Timur,REA,WEST REGIONAL,SOUTHERN SUMATERA,Okt'22,MoU BencmrkLampung ke Jembrana,Closed Lost,82458000,158333333
JPS,0065g00000P3zKmAAJ,Diskominfo Lampung Timur,REA,WEST REGIONAL,SOUTHERN SUMATERA,Okt'22,MoU BencmrkLampung ke Jembrana,Closed Lost,,0
JPS,0065g00000P3bQmAAJ,Diskominfo Lampung Timur,REA,WEST REGIONAL,SOUTHERN SUMATERA,Okt'22,MoU BencmrkLampung ke Jembrana,Closed Lost,,0
JPS,0065g00000P3bQmAAJ,Diskominfo Lampung Timur,REA,Null,SOUTHERN SUMATERA,Okt'22,MoU BencmrkLampung ke Jembrana,Closed Lost,,400000000
JPS,0065g00000FlLkEAAV,Pertamina Persero,SEA,EAST REGIONAL,Media & Energy,Okt'22,Pertamina Persero,Closed Lost,17280000,0
JPS,0065g00000P34HbAAJ,Kab. Magelang,REA,EAST REGIONAL,CENTRAL JAVA,Okt'22,Dinas Kab. MAGELANG,Cash,8910000,177700000
JPS,0065g00000P3lX0AAJ,Kab. Magelang,REA,EAST REGIONAL,CENTRAL JAVA,Okt'22,Dinas Kab. MAGELANG,Identify,,200000000
JPS,0065g00000P3lXZAAZ,Kab. Magelang,REA,EAST REGIONAL,CENTRAL JAVA,Okt'22,Dinas Kab. MAGELANG,Identify,,100000000
JPS,0065g00000P3yqMAAR,Kab. Wonosobo,REA,EAST REGIONAL,CENTRAL JAVA,Okt'22,Dinas Kab. Wonosobo,Cash,10044000,82200001
JPS,0065g00000P3ytVAAR,Kab. Wonosobo,REA,EAST REGIONAL,CENTRAL JAVA,Okt'22,Dinas Kab. Wonosobo,Identify,,0
JPS,0065g00000P3yuOAAR,Kab. Wonosobo,REA,EAST REGIONAL,CENTRAL JAVA,Okt'22,Dinas Kab. Wonosobo,Identify,,0
JPS,0065g00000P34iJAAR,Kab. Klaten,REA,EAST REGIONAL,CENTRAL JAVA,Okt'22,Dinas Kab.KLATEN,Cash,9612000,148000000
JPS,0065g00000P3lLSAAZ,Kab. Klaten,REA,EAST REGIONAL,CENTRAL JAVA,Okt'22,Dinas Kab.KLATEN,Identify,,200000000
JPS,0065g00000P3lMpAAJ,Kab. Klaten,REA,BANKING & FINANCIAL INSTITUTION,CENTRAL JAVA,Okt'22,Dinas Kab.KLATEN,Identify,,100000000
JPS,0065g00000P3IqPAAV,ARTAJASA PEMBAYARAN ELEKTRONIS PT,NEA,BANKING & FINANCIAL INSTITUTION,FINANCE & MULTINATIONAL BANK,Okt'22,Artajasa Kick Off Mtg_23,Cash,7290000,2489000000
JPS,0065g00000MIYoZAAX,ARTAJASA PEMBAYARAN ELEKTRONIS PT,NEA,BANKING & FINANCIAL INSTITUTION,FINANCE & MULTINATIONAL BANK,Okt'22,Artajasa Kick Off Mtg_23,Complete,,1000000000
Loyalty,0065g00000K7HqbAAF,PT. Gojek Indonesia,NEA,BANKING & FINANCIAL INSTITUTION,FINANCE & MULTINATIONAL BANK,Okt'22,Loyalty PT Gojek Indonesia,Closed Lost,10540540,26000100000
Loyalty,0065g00000MGUZeAAP,PT. Gojek Indonesia,NEA,BANKING & FINANCIAL INSTITUTION,FINANCE & MULTINATIONAL BANK,Okt'22,Loyalty PT Gojek Indonesia,Identify,,0
Loyalty,0065g00000MIDiOAAX,PT. Gojek Indonesia,NEA,BANKING & FINANCIAL INSTITUTION,FINANCE & MULTINATIONAL BANK,Okt'22,Loyalty PT Gojek Indonesia,Complete,,200000000
Loyalty,0065g00000MIDiOAAX,PT. Gojek Indonesia,NEA,BANKING & FINANCIAL INSTITUTION,FINANCE & MULTINATIONAL BANK,Okt'22,Loyalty PT Gojek Indonesia,Complete,,0
Loyalty,0065g00000MITurAAH,PT. Gojek Indonesia,NEA,DOMESTIC WHOLESALE & INTERCONNECTION,FINANCE & MULTINATIONAL BANK,Okt'22,Loyalty PT Gojek Indonesia,Complete,,20000000
Loyalty,0065g00000JbNWYAA3,PT. LINKNET,WCA,DOMESTIC WHOLESALE & INTERCONNECTION,ISP,Okt'22,Loyalty Prog PT LINKNET,Complete,55676578,210000000
Loyalty,0065g00000SdqAFAAZ,PT. LINKNET,WCA,EAST REGIONAL,ISP,Okt'22,Loyalty Prog PT LINKNET,Complete,,355000000
Connex,0065g00000P59XBAAZ,UNIV. ISLAM INDONESIA (UII),REA,EAST REGIONAL,CENTRAL JAVA,Okt'22,Connex Q4 - Bali,Develop,,103000000
Connex,0065g00000MG8q0AAD,UNIVERSITAS ISLAM NEGERI WALISONGO SEMARANG DITJEN PENDIDIKAN ISLAM,REA,EAST REGIONAL,CENTRAL JAVA,Okt'22,Connex Q4 - Bali,Complete,,0
Connex,0065g00000P3j8zAAB,UNIVERSITAS DIPONEGORO (UNDIP),REA,EAST REGIONAL,CENTRAL JAVA,Okt'22,Connex Q4 - Bali,Cash,,900000000
Connex,0065g00000Lpge5AAB,UNIVERSITAS SEBELAS MARET (UNS),REA,EAST REGIONAL,CENTRAL JAVA,Okt'22,Connex Q4 - Bali,Cash,,900000000
Connex,0065g00000LYf1pAAD,POLITEKNIK NEGERI SEMARANG (POLINES),REA,EAST REGIONAL,CENTRAL JAVA,Okt'22,Connex Q4 - Bali,Closed Lost,,245000000
Connex,0065g00000P313dAAB,Universitas Pendidikan Ganesha,REA,EAST REGIONAL,BALI NUSRA,Okt'22,Connex Q4 - Bali,Closed Lost,,
Connex,0065g00000P3150AAB,Politeknik Negeri Bali,REA,EAST REGIONAL,BALI NUSRA,Okt'22,Connex Q4 - Bali,Complete,,
Connex,0065g00000P3rh1AAB,Universitas Muhammadiyah Mataram,REA,Null,BALI NUSRA,Okt'22,Connex Q4 - Bali,Complete,,100000000
Connex,0065g00000SdjFPAAZ,UNIVERSITAS TANJUNGPURA,Null,EAST REGIONAL,Null,Okt'22,Connex Q4 - Bali,Complete,,108500000
Connex,0065g00000P4SFzAAN,UNIVERSITAS TANJUNGPURA,REA,3 Biz,KALIMANTAN,Okt'22,Connex Q4 - Bali,Complete,,350000000
Connex,0065g00000MHsQUAA1,UNIVERSITAS LAMBUNG MANGKURAT,Null,EAST REGIONAL,3 Biz,Okt'22,Connex Q4 - Bali,Complete,,30000000
Connex,0065g00000LYeuBAAT,Universitas Brawijaya,REA,EAST REGIONAL,EAST JAVA,Okt'22,Connex Q4 - Bali,Cash,,
Connex,0065g00000K5tlAAAR,Universitas Negeri Malang,REA,EAST REGIONAL,EAST JAVA,Okt'22,Connex Q4 - Bali,Cash,,279837550
Connex,0065g00000P3al4AAB,Politeknik Negeri Malang,REA,EAST REGIONAL,EAST JAVA,Okt'22,Connex Q4 - Bali,Cash,,503500000
Connex,0065g00000ScarkAAB,Universitas Pembangunan Nasional Jatim,REA,EAST REGIONAL,EAST JAVA,Okt'22,Connex Q4 - Bali,Complete,,300000089
Connex,0065g00000P3yADAAZ,UIN Sunan Ampel,REA,EAST REGIONAL,EAST JAVA,Okt'22,Connex Q4 - Bali,Complete,,1780047800
Connex,0065g00000ScOtMAAV,UNIVERSITAS TRUNOJOYO MADURA,REA,EAST REGIONAL,EAST JAVA,Okt'22,Connex Q4 - Bali,Complete,,150000000
Connex,0065g00000P3rUwAAJ,UNIVERSITAS NAHDATUL ULAMA SURABAYA,REA,EAST REGIONAL,EAST JAVA,Okt'22,Connex Q4 - Bali,Identify,,0
Connex,0065g00000P3e7SAAR,UNIVERSITAS NAHDATUL ULAMA SURABAYA,REA,WEST REGIONAL,EAST JAVA,Okt'22,Connex Q4 - Bali,Identify,,0
Connex,0065g00000MHWTqAAP,UNIVERSITAS SRIWIJAYA,REA,WEST REGIONAL,SOUTHERN SUMATERA,Okt'22,Connex Q4 - Bali,Closed Lost,,550000000
Connex,0065g00000MH1RrAAL,Universitas Jambi,REA,WEST REGIONAL,SOUTHERN SUMATERA,Okt'22,Connex Q4 - Bali,Closed Lost,,1544991151
Connex,0065g00000P47xuAAB,Universitas Bengkulu,REA,WEST REGIONAL,SOUTHERN SUMATERA,Okt'22,Connex Q4 - Bali,Closed Lost,,
Connex,0065g00000MHja0AAD,IAIN Metro,REA,WEST REGIONAL,SOUTHERN SUMATERA,Okt'22,Connex Q4 - Bali,Closed Lost,,0
Connex,0065g00000MGpZAAA1,Universitas Lampung,REA,WEST REGIONAL,SOUTHERN SUMATERA,Okt'22,Connex Q4 - Bali,Closed Lost,,
Connex,0065g00000Sc2YdAAJ,POLITEKNIK NEGERI JAKARTA,REA,3 Biz,"BEKASI, DEPOK & BOGOR",Okt'22,Connex Q4 - Bali,Complete,,
Connex,0065g00000ScQiqAAF,UNIVERSITAS ISLAM INTERNATIONAL INDONESIA,Null,WEST REGIONAL,3 Biz,Okt'22,Connex Q4 - Bali,Complete,,456000000
Connex,0065g00000ScIxeAAF,UNIVERSITAS MUHAMMADIYAH PROF DR HAMKA ( UHAMKA ),REA,Null,"BEKASI, DEPOK & BOGOR",Okt'22,Connex Q4 - Bali,Closed Won,,50000000
Connex,0065g00000SePXZAA3,Politeknik Negeri Padang,Null,WEST REGIONAL,Null,Okt'22,Connex Q4 - Bali,Complete,,
Connex,0065g00000Kb5G6AAJ,Universitas Riau,REA,Null,NORTHERN SUMATERA,Okt'22,Connex Q4 - Bali,Complete,,
Connex,0065g00000SeeMCAAZ,UIN Sultan Syarif Kasim,Null,WEST REGIONAL,Null,Okt'22,Connex Q4 - Bali,Complete,,600000000
Connex,0065g00000P3g1IAAR,Universitas Negeri Medan,REA,EAST REGIONAL,NORTHERN SUMATERA,Okt'22,Connex Q4 - Bali,Cash,,990000000
Connex,0065g00000Ka4sdAAB,Universitas Muhammadiyah Malang,REA,EAST REGIONAL,NEW SALES ACCOUNT EAST,Okt'22,Connex Q4 - Bali,Cash,,1400000000
Connex,0065g00000LWXb2AAH,Universitas Hangtuah,REA,WEST REGIONAL,NEW SALES ACCOUNT EAST,Okt'22,Connex Q4 - Bali,Complete,,
Connex,0065g00000ScmErAAJ,Institut Teknologi Bandung (ITB),REA,WEST REGIONAL,WEST JAVA,Okt'22,Connex Q4 - Bali,Cash,,2400000000
Connex,0065g00000ScdrvAAB,ITB Kampus Cirebon,REA,WEST REGIONAL,WEST JAVA,Okt'22,Connex Q4 - Bali,Closed Lost,,100000000
Connex,0065g00000MIFqyAAH,Politeknik Negeri Bandung,REA,WEST REGIONAL,WEST JAVA,Okt'22,Connex Q4 - Bali,Closed Lost,,48000000
Connex,0065g00000P4YmdAAF,Universitas Katolik Parahyangan,REA,WEST REGIONAL,WEST JAVA,Okt'22,Connex Q4 - Bali,Cash,,17000000
Connex,0065g00000P3PUrAAN,UIN Sunan Gunung Jati,REA,WEST REGIONAL,WEST JAVA,Okt'22,Connex Q4 - Bali,Closed Lost,,75000000
Connex,0065g00000MIBYGAA5,Universitas Kristen Maranatha,REA,WEST REGIONAL,WEST JAVA,Okt'22,Connex Q4 - Bali,Closed Lost,,113500000
Connex,0065g00000MIEXqAAP,STTT Bandung,REA,EAST REGIONAL,WEST JAVA,Okt'22,Connex Q4 - Bali,Closed Lost,,0
Connex,0065g00000P34KLAAZ,Universitas Hasanuddin,REA,EAST REGIONAL,SULAWESI,Okt'22,Connex Q4 - Bali,Identify,,
Connex,0065g00000Sc7iLAAR,Universitas Negeri Manado,REA,EAST REGIONAL,SULAWESI,Okt'22,Connex Q4 - Bali,Complete,,
Connex,0065g00000Sc7hrAAB,Universitas Negeri Manado,REA,Null,SULAWESI,Okt'22,Connex Q4 - Bali,Complete,,
Connex,0065g00000MIA8QAAX,Universitas Sam Ratulangi,Null,WEST REGIONAL,Null,Okt'22,Connex Q4 - Bali,Cash,,1195000000
Connex,0065g00000LpXxKAAV,POLITEKNIK KESEHATAN JAKARTA III BADAN PENGEMBANGAN DAN,REA,Null,JAKARTA & BANTEN,Okt'22,Connex Q4 - Bali,Closed Lost,,13500000
Connex,0065g00000Sdy3VAAR,UIN SULTAN MAULANA HASANUDIN BANTEN,Null,3 Biz,WEST JAVA,Okt'22,Connex Q4 - Bali,Complete,,
Connex,0065g00000Sd0IYAAZ,UNIVERSITAS INDONESIA,Null,WEST REGIONAL,3 Biz,Okt'22,Connex Q4 - Bali,Closed Lost,,450000000
Connex,0065g00000Sc2aFAAR,Institut Pertanian Bogor ,REA,WEST REGIONAL,"BEKASI, DEPOK & BOGOR",Okt'22,Connex Q4 - Bali,Closed Lost,,550000000
Connex,0065g00000SdGMXAA3,Institut Pertanian Bogor ,REA,GOVERNMENT & PUBLIC SECTOR,"BEKASI, DEPOK & BOGOR",Okt'22,Connex Q4 - Bali,Closed Lost,,
Connex,0065g00000KZVvLAAX,UNIVERSITAS TERBUKA,KPSA,3 Biz,MINISTRY & GOVERNMENT AGENCY,Okt'22,Connex Q4 - Bali,Closed Lost,,10000000
Connex,0065g00000ScrfkAAB,Universitas Esa Unggul,Null,Media & Energy,3 Biz,Okt'22,Connex Q4 - Bali,Closed Lost,,345000000
JPS,0065g00000MHw3TAAT,Badan Siber dan Sandi Negara,SEA,Media & Energy,Public Sector,Nov'22,JPS Badan Siber dan Sandi Negara (BSSN),Complete,62125000,43759457860
JPS,0065g00000MHwMDAA1,Badan Siber dan Sandi Negara,SEA,Media & Energy,Public Sector,Nov'22,JPS Badan Siber dan Sandi Negara (BSSN),Closed Lost,,17000000000
JPS,0065g00000MHwNpAAL,Badan Siber dan Sandi Negara,SEA,Media & Energy,Public Sector,Nov'22,JPS Badan Siber dan Sandi Negara (BSSN),Complete,,5299248020
JPS,0065g00000MHwOTAA1,Badan Siber dan Sandi Negara,SEA,DOMESTIC WHOLESALE & INTERCONNECTION,Public Sector,Nov'22,JPS Badan Siber dan Sandi Negara (BSSN),Closed Lost,,175000000
Loyalty,0065g00000MIAoJAAX,PT. Supra Primatama Nusantara (Biznet),WCA,DOMESTIC WHOLESALE & INTERCONNECTION,Carrier,Nov'22,Loyalty PT. Supra Primatama Nusantara,Cash,44820000,65000000
Loyalty,0065g00000MIAnuAAH,PT. Supra Primatama Nusantara (Biznet),WCA,DOMESTIC WHOLESALE & INTERCONNECTION,Carrier,Nov'22,Loyalty PT. Supra Primatama Nusantara,Cash,,65000000
Loyalty,0065g00000MH5ClAAL,PT. Supra Primatama Nusantara (Biznet),WCA,DOMESTIC WHOLESALE & INTERCONNECTION,Carrier,Nov'22,Loyalty PT. Supra Primatama Nusantara,Closed Lost,,330000000
Loyalty,0065g00000MGlKRAA1,PT. Supra Primatama Nusantara (Biznet),WCA,DOMESTIC WHOLESALE & INTERCONNECTION,Carrier,Nov'22,Loyalty PT. Supra Primatama Nusantara,Complete,,505000000
Loyalty,0065g00000Sfl23AAB,PT. Supra Primatama Nusantara (Biznet),WCA,WEST REGIONAL,Carrier,Nov'22,Loyalty PT. Supra Primatama Nusantara,Complete,,876428571
JPS,0065g00000SdIOKAA3,Biro Pengadaan Barang & Jasa Seda Jabar,REA,EAST REGIONAL,WEST JAVA,Nov'22,JPS Biro Pengadaan Barang & Jasa SEKDA JABAR,Complete,9180000,1000000000
Sponsorship,0065g00000LnVY1AAN,PT. Dutakom Wibawa Putra,REA,EAST REGIONAL,EAST JAVA,Nov'22,Sponsorship ID Connect,Closed Lost,10000000,155000000
Sponsorship,0065g00000LW7qRAAT,PT. Dutakom Wibawa Putra,REA,BANKING & FINANCIAL INSTITUTION,EAST JAVA,Nov'22,Sponsorship ID Connect,Closed Lost,,105000000
Loyalty,0065g00000LpNf2AAF,PT BANK DBS INDONESIA,NEA,BANKING & FINANCIAL INSTITUTION,FINANCE & MULTINATIONAL BANK,Nov'22,Loyalty Bank DBS,Closed Lost,32200569,0
Loyalty,0065g00000Scv8IAAR,PT BANK DBS INDONESIA,NEA,BANKING & FINANCIAL INSTITUTION,FINANCE & MULTINATIONAL BANK,Nov'22,Loyalty Bank DBS,Complete,,0
Loyalty,0065g00000MIERNAA5,PT BANK DBS INDONESIA,NEA,WEST REGIONAL,FINANCE & MULTINATIONAL BANK,Nov'22,Loyalty Bank DBS,Complete,,0
Loyalty,0065g00000Se6VVAAZ,PT. LINTAS JARINGAN NUSANTARA ,REA,WEST REGIONAL,NORTHERN SUMATERA,Nov'22,Loyalty Baseline Attack Dept North Sumatra,Complete,260070270,8500000
Loyalty,0065g00000SeUjaAAF,PT. PANCA DUTA UTAMA ,REA,WEST REGIONAL,NORTHERN SUMATERA,Nov'22,Loyalty Baseline Attack Dept North Sumatra,Cash,,27000000
Loyalty,0065g00000MIKp4AAH,PT RACKH LINTAS ASIA,REA,WEST REGIONAL,NORTHERN SUMATERA,Nov'22,Loyalty Baseline Attack Dept North Sumatra,Cash,,41000000
Loyalty,0065g00000MIBDzAAP,PT. JARINGANKU SARANA NUSANTARA,REA,WEST REGIONAL,NORTHERN SUMATERA,Nov'22,Loyalty Baseline Attack Dept North Sumatra,Cash,,29000000
Loyalty,0065g00000MG84JAAT,PT. JARINGANKU SARANA NUSANTARA,REA,WEST REGIONAL,NORTHERN SUMATERA,Nov'22,Loyalty Baseline Attack Dept North Sumatra,Cash,,35500000
Loyalty,0065g00000P2nkWAAR,PT. KAYONG MUARA TEKNOINDO ,REA,WEST REGIONAL,NORTHERN SUMATERA,Nov'22,Loyalty Baseline Attack Dept North Sumatra,Complete,,90000000
JPS,0065g00000UqXQdAAN,Universitas Jambi,REA,WEST REGIONAL,SOUTHERN SUMATERA,Des'22,JPS Univ. Jambi 2022,Closed Lost,19440000,0
JPS,0065g00000UqXQdAAN,Universitas Jambi,REA,WEST REGIONAL,SOUTHERN SUMATERA,Des'22,JPS Univ. Jambi 2022,Closed Lost,,425000000
JPS,0065g00000Ur74UAAR,Universitas Jambi,REA,GOVERNMENT & PUBLIC SECTOR,SOUTHERN SUMATERA,Des'22,JPS Univ. Jambi 2022,Closed Lost,,1500000000
JPS,0065g00000P3YgmAAF,PT. KAI,KPSA,WEST REGIONAL,MINISTRY & GOVERNMENT AGENCY,Des'22,JPS KAI Kick off meetg,Identify,31206600,0
Loyalty,0065g00000Kc25tAAB,PT. Royal Abadi Sejahtera,REA,DOMESTIC WHOLESALE & INTERCONNECTION,WEST JAVA,Des'22,Loyalty Prog. PT. Royal Abadi Sejahtera,Develop,2830000,5050750
Loyalty,0065g00000UqJ1oAAF,PT. MORATEL,WCA,DOMESTIC WHOLESALE & INTERCONNECTION,CARRIER,Des'22,Loyalty PT. MORATEL,Identify,103700000,0
Loyalty,0065g00000UqJ3zAAF,PT. MORATEL,WCA,DOMESTIC WHOLESALE & INTERCONNECTION,CARRIER,Des'22,Loyalty PT. MORATEL,Identify,,0
Loyalty,0065g00000P42YXAAZ,PT. MORATEL,WCA,DOMESTIC WHOLESALE & INTERCONNECTION,CARRIER,Des'22,Loyalty PT. MORATEL,Identify,,0
Loyalty,0065g00000Sc4YNAAZ,PT. MORATEL,WCA,DOMESTIC WHOLESALE & INTERCONNECTION,CARRIER,Des'22,Loyalty PT. MORATEL,Develop,,40000000
Loyalty,0065g00000Sc4eSAAR,PT. MORATEL,WCA,DOMESTIC WHOLESALE & INTERCONNECTION,CARRIER,Des'22,Loyalty PT. MORATEL,Develop,,40000000
Loyalty,0065g00000Sc54hAAB,PT. MORATEL,WCA,DOMESTIC WHOLESALE & INTERCONNECTION,CARRIER,Des'22,Loyalty PT. MORATEL,Develop,,40000000
Loyalty,0065g00000Sc4t2AAB,PT. MORATEL,WCA,DOMESTIC WHOLESALE & INTERCONNECTION,CARRIER,Des'22,Loyalty PT. MORATEL,Develop,,40000000
Loyalty,0065g00000Sc46KAAR,PT. MORATEL,WCA,DOMESTIC WHOLESALE & INTERCONNECTION,CARRIER,Des'22,Loyalty PT. MORATEL,Develop,,40000000
Loyalty,0065g00000Sc3m3AAB,PT. MORATEL,WCA,DOMESTIC WHOLESALE & INTERCONNECTION,CARRIER,Des'22,Loyalty PT. MORATEL,Develop,,40000000
Loyalty,0065g00000Sc4SsAAJ,PT. MORATEL,WCA,DOMESTIC WHOLESALE & INTERCONNECTION,CARRIER,Des'22,Loyalty PT. MORATEL,Develop,,40000000
Loyalty,0065g00000Sc4ZSAAZ,PT. MORATEL,WCA,DOMESTIC WHOLESALE & INTERCONNECTION,CARRIER,Des'22,Loyalty PT. MORATEL,Develop,,40000000
Loyalty,0065g00000Sc50xAAB,PT. MORATEL,WCA,DOMESTIC WHOLESALE & INTERCONNECTION,CARRIER,Des'22,Loyalty PT. MORATEL,Develop,,40000000
Loyalty,0065g00000Sc4xBAAR,PT. MORATEL,WCA,DOMESTIC WHOLESALE & INTERCONNECTION,CARRIER,Des'22,Loyalty PT. MORATEL,Develop,,40000000
Loyalty,0065g00000Sc4y6AAB,PT. MORATEL,WCA,DOMESTIC WHOLESALE & INTERCONNECTION,CARRIER,Des'22,Loyalty PT. MORATEL,Develop,,40000000
Loyalty,0065g00000Sc4wQAAR,PT. MORATEL,WCA,DOMESTIC WHOLESALE & INTERCONNECTION,CARRIER,Des'22,Loyalty PT. MORATEL,Develop,,40000000
Loyalty,0065g00000Sc58HAAR,PT. MORATEL,WCA,DOMESTIC WHOLESALE & INTERCONNECTION,CARRIER,Des'22,Loyalty PT. MORATEL,Develop,,40000000
Loyalty,0065g00000Sc4zzAAB,PT. MORATEL,WCA,DOMESTIC WHOLESALE & INTERCONNECTION,CARRIER,Des'22,Loyalty PT. MORATEL,Develop,,40000000
Loyalty,0065g00000Sc4uZAAR,PT. MORATEL,WCA,DOMESTIC WHOLESALE & INTERCONNECTION,CARRIER,Des'22,Loyalty PT. MORATEL,Develop,,40000000
Loyalty,0065g00000Sc574AAB,PT. MORATEL,WCA,DOMESTIC WHOLESALE & INTERCONNECTION,CARRIER,Des'22,Loyalty PT. MORATEL,Develop,,40000000
Loyalty,0065g00000Sc4vXAAR,PT. MORATEL,WCA,DOMESTIC WHOLESALE & INTERCONNECTION,CARRIER,Des'22,Loyalty PT. MORATEL,Develop,,40000000
Loyalty,0065g00000Sc55mAAB,PT. MORATEL,WCA,SUPPLY CHAIN & MANUFACTURING,CARRIER,Des'22,Loyalty PT. MORATEL,Develop,,40000000
Loyalty,0065g00000P4ndxAAB,PT. Unilever Indonesia,NEA,SUPPLY CHAIN & MANUFACTURING,"FMCG, RETAILER AND MANUFACTURING",Des'22,Loylaty Prog. PT Unilever Indonesia,Cash,154510710,17156000
Loyalty,0065g00000ScjadAAB,PT. Unilever Indonesia,NEA,MEDIA & ENERGY,"FMCG, RETAILER AND MANUFACTURING",Des'22,Loylaty Prog. PT Unilever Indonesia,Cash,,15000000
Loyalty,0065g00000P4fibAAB,PT PERTAMINA PATRA NIAGA,KPSA,MEDIA & ENERGY,OIL & GAS,Des'22,Engagment PT. Pertamina persero,Closed Lost,132337370.2,30000000000
Loyalty,0065g00000SeijLAAR,PT PERTAMINA PATRA NIAGA,KPSA,MEDIA & ENERGY,OIL & GAS,Des'22,Engagment PT. Pertamina persero,Complete,,15857377000
Loyalty,0065g00000SeikJAAR,PT PERTAMINA PATRA NIAGA,KPSA,BANKING & FINANCIAL INSTITUTION,OIL & GAS,Des'22,Engagment PT. Pertamina persero,Closed Lost,,0
JPS,0065g00000P3rN2AAJ,Bank BNI,NEA,BANKING & FINANCIAL INSTITUTION,FINANCE & NATIONAL BANK,Des'22,JPS Bank BNI,Complete,18500000,288000000
JPS,0065g00000LmVuUAAV,Bank BNI,NEA,BANKING & FINANCIAL INSTITUTION,FINANCE & NATIONAL BANK,Des'22,JPS Bank BNI,Complete,,1000000000
JPS,0065g00000SeRy3AAF,Bank BNI,NEA,BANKING & FINANCIAL INSTITUTION,FINANCE & NATIONAL BANK,Des'22,JPS Bank BNI,Complete,,105000000
JPS,0065g00000SeS4BAAV,Bank BNI,NEA,INTERNATIONAL DATA WHOLESALE,FINANCE & NATIONAL BANK,Des'22,JPS Bank BNI,Complete,,80000000
Loyalty,0065g00000UrAX5AAN,INDOSAT SINGAPORE PTE LTD,WCA,INTERNATIONAL DATA WHOLESALE,WHOLESALE INTERNATIONAL,Des'22,Loyalty Prog. TENCENT,Complete,142702705,158228771
Loyalty,0065g00000Ur0uDAAR,INDOSAT SINGAPORE PTE LTD,WCA,DOMESTIC WHOLESALE & INTERCONNECTION,WHOLESALE INTERNATIONAL,Des'22,Loyalty Prog. TENCENT,Complete,,128394000
Loyalty,0065g00000ScaJGAAZ,PT. CBN,WCA,DOMESTIC WHOLESALE & INTERCONNECTION,ISP,Des'22,Loyalty Prog. PT. CBN,Cash,157567568,760000000
Loyalty,0065g00000Ur0UtAAJ,PT. CBN,WCA,MEDIA & ENERGY,ISP,Des'22,Loyalty Prog. PT. CBN,Complete,,503500000
JPS,0065g00000FlLkEAAV,PT. Pertamina Persero,KPSA,EAST REGIONAL,OIL & GAS,Des'22,JPS PT. Pertamina Retail,Closed Lost,17280000,1800000000
JPS,0065g00000P4iMtAAJ,Kab. Pekalongan,REA,EAST REGIONAL,CENTRAL JAVA,Des'22,JPS Kab. Pekalongan,Cash,5850000,135600000
JPS,0065g00000SdFYwAAN,Kab. Pekalongan,REA,EAST REGIONAL,CENTRAL JAVA,Des'22,JPS Kab. Pekalongan,Complete,,200000000
JPS,0065g00000SdG5mAA,Kab. Pekalongan,REA,WEST REGIONAL,CENTRAL JAVA,Des'22,JPS Kab. Pekalongan,Qualify,,100000000
Loyalty,0065g00000Sec6sAAB,PT. Akses Cipta Solusi,REA,WEST REGIONAL,WEST JAVA,Des'22,Loyalty Prog. PT. Akses Cipta Solusi,Complete,3935000,60000000
Loyalty,0065g00000UtOuiAAF,PT. Cemerlang Multimedia,REA,WEST REGIONAL,WEST JAVA,Des'22,Loyalty PT. Cemerlang Multimedia,Complete,,30000000
Loyalty,0065g00000Ur1gaAAB,Bendahara STT Tekstil,REA,WEST REGIONAL,WEST JAVA,Des'22,Loyalty Prog. Bendahara STT Tekstil,Complete,4930000,35000000
Loyalty,0065g00000MIEXqAAP,Bendahara STT Tekstil,REA,WEST REGIONAL,WEST JAVA,Des'22,Loyalty Prog. Bendahara STT Tekstil,Closed Lost,,48500000
Loyalty,0065g00000WgiPMAAZ,PT. Cemerlang Abadi Mulia,REA,GOVERNMENT & PUBLIC SECTOR,WEST JAVA,Des'22,Loyalty Prog. PT. Cemerlang Abadi Mulia,Complete,4510000,96000000
JPS,0065g00000P3YgmAAF,PT. KAI,KPSA,MEDIA & ENERGY,MINISTRY & GOVERNMENT AGENCY,Januari,JPS PT. KAI,Closed Lost,18360000,50000000000
JPS,0065g00000SeSLsAAN,BIN (Badan Intelijen Nasional),KPSA,MEDIA & ENERGY,MEDIA & ENERGY,Januari,JPS BIN,Complete,11934000,1100000000
JPS,0065g00000P3gxVAAR,BIN (Badan Intelijen Nasional),KPSA,MEDIA & ENERGY,MEDIA & ENERGY,Januari,JPS BIN,Closed Lost,,3500000000
JPS,0065g00000P3gyhAAB,BIN (Badan Intelijen Nasional),KPSA,EAST REGIONAL,MEDIA & ENERGY,Januari,JPS BIN,Complete,,3500000000
JPS,0065g00000UsxypAAB,Kab. Blitar,REA,MEDIA & ENERGY,EAST JAVA,Januari,Sosialisasi Kab. Blitar,Complete,14040000,100000000
JPS,0065g00000Uqu2uAAB,PT. Pertamina Geothermal,KPSA,MEDIA & ENERGY,OIL & GAS,Januari,JPS PT. Pertamina Geothermal,Cash,36536400,200000000
JPS,0065g00000Uqs7eAAB,PT. Pertamina Geothermal,KPSA,MEDIA & ENERGY,OIL & GAS,Januari,JPS PT. Pertamina Geothermal,Closed Lost,,200000000
JPS,0065g00000UrbXxAAJ,PT. Pertamina Geothermal,KPSA,MEDIA & ENERGY,OIL & GAS,Januari,JPS PT. Pertamina Geothermal,Cash,,2500000000
JPS,0065g00000UrbYCAAZ,PT. Pertamina Geothermal,KPSA,MEDIA & ENERGY,OIL & GAS,Januari,JPS PT. Pertamina Geothermal,Complete,,100000000
JPS,0065g00000Ut8KRAAZ,PT. Pertamina Geothermal,KPSA,WEST REGIONAL,OIL & GAS,Januari,JPS PT. Pertamina Geothermal,Value,,100000000
Sponsorship,0065g00000MHja0AAD,Institut Agama Islam Negeri Metro,REA,WEST REGIONAL,SOUTHERN SUMATERA,Januari,(Dirpay) Sponsorship FGD IAIN Metro,Closed Lost,22000000,360000000
Loyalty,0065g00000UqlmnAAB,PT. Terminal Teluk Lamong,REA,BANKING & FINANCIAL INSTITUTION,WEST JAVA,Januari,Loyalty Prog. PT. Terminal Teluk Lamong,Complete,5473684,355000000
JPS,0065g00000LpNf2AAF,Bank DBS,NEA,BANKING & FINANCIAL INSTITUTION,FINANCE & MULTINATIONAL BANK,Januari,JPS Bank DBS,Closed Lost,30132000,100000000
JPS,0065g00000Scv8IAAR,Bank DBS,NEA,BANKING & FINANCIAL INSTITUTION,FINANCE & MULTINATIONAL BANK,Januari,JPS Bank DBS,Complete,,245000000
JPS,0065g00000MIERNAA5,Bank DBS,NEA,BANKING & FINANCIAL INSTITUTION,FINANCE & MULTINATIONAL BANK,Januari,JPS Bank DBS,Complete,,200000000
Loyalty,0065g00000Wi25GAAR,PT. AXA,NEA,BANKING & FINANCIAL INSTITUTION,FINANCE & MULTINATIONAL BANK,Januari,Loyalty PT. AXA,Identify,21400000,5342668217
Loyalty,0065g00000Wg5BzAAJ,PT. AXA,NEA,BANKING & FINANCIAL INSTITUTION,FINANCE & MULTINATIONAL BANK,Januari,Loyalty PT. AXA,Develop,,7000000
Loyalty,0065g00000MHmWmAAL,PT. AXA,NEA,BANKING & FINANCIAL INSTITUTION,FINANCE & MULTINATIONAL BANK,Januari,Loyalty PT. AXA,Closed Lost,,300000000
Loyalty,0065g00000WhPO7AAN,PT. AXA,NEA,Div Supply Chain and Services,FINANCE & MULTINATIONAL BANK,Januari,Loyalty PT. AXA,Cash,,17500000
Loyalty,0065g00000UsmR0AAJ,PT. Prodia Widyahusada,REA,Div Supply Chain and Services,Dept. Digital Media & Services-Div. Supply Chain & Services,Januari,Loyalty PT. Prodia Widyahusada,Complete,20100000,505801760
Loyalty,0065g00000Wg5lgAAB,PT. Prodia Widyahusada,REA,WEST REGIONAL,Dept. Digital Media & Services-Div. Supply Chain & Services,Januari,Loyalty PT. Prodia Widyahusada,Value,,16000000
JPS,0065g00000MHEKSAA5,Universitas Siliwangi Tasik Malaya,REA,WEST REGIONAL,WEST JAVA,Januari,GWS Univ. Siliwangi Tasikmalaya,Cash,11340000,360344100
JPS,0065g00000SdqCLAAZ,Universitas Siliwangi Tasik Malaya,REA,BANKING & FINANCIAL INSTITUTION,WEST JAVA,Januari,GWS Univ. Siliwangi Tasikmalaya,Complete,,163063063
JPS,0065g00000UqqCBAAZ,PT. G4S Security Service,NEA,BANKING & FINANCIAL INSTITUTION,FINANCE & MULTINATIONAL BANK,Februari,(DirPay) JPS PT. G4S SECURITY SERVICES,Cash,40500000,950000000
JPS,0065g00000WfVunAAF,PT. G4S Security Service,NEA,BANKING & FINANCIAL INSTITUTION,FINANCE & MULTINATIONAL BANK,Februari,(DirPay) JPS PT. G4S SECURITY SERVICES,Identify,,5000050000
JPS,0065g00000WfVvlAAF,PT. G4S Security Service,NEA,Div. Business & Operation (SMB),FINANCE & MULTINATIONAL BANK,Februari,(DirPay) JPS PT. G4S SECURITY SERVICES,Identify,,10864512
JPS,0065g00000UqmHvAAJ,Dinas Lombok Timur,SMB,Div. Business & Operation (SMB),Jabotabtek & West Java (SMB),Februari,(DirPay)Signing PKS Kab Lombok & Mtrm,Complete,10800000,210000000
JPS,0065g00000UtOYmAAN,Kota Mataram,SMB,JABODETABEK,Jabotabtek & West Java (SMB),Februari,(DirPay)Signing PKS Kab Lombok & Mtrm,Cash,,99300000
Loyalty,0065g00000WfheZAAR,PT. TKE Elevator,REA,JABODETABEK,JAKARTA,Februari,Loyalty PT ThyssenKrupp Elevator Indonesia,Complete,8925000,250000000
Loyalty,0065g00000Ura1TAAR,PT. TKE Elevator,REA,JABODETABEK,JAKARTA,Februari,Loyalty PT ThyssenKrupp Elevator Indonesia,Closed Won,,500000000
Loyalty,0065g00000Ura1TAAR,PT. TKE Elevator,REA,JABODETABEK,JAKARTA,Februari,Loyalty PT ThyssenKrupp Elevator Indonesia,Closed Won,,0
Loyalty,0065g00000Ura1TAAR,PT. TKE Elevator,REA,EAST REGIONAL,JAKARTA,Februari,Loyalty PT ThyssenKrupp Elevator Indonesia,Closed Won,,0
JPS,0065g00000SeWopAAF,BPD Kalimantan Tengah,REA,MEDIA & ENERGY,Kalimantan Area,Februari,(Dirpay) Bchmark Data Center BPD Kalteng,Cash,11826000,7700000000
Loyalty,0065g00000UrSOLAA3,PT. Bukit Asam,KPSA,MEDIA & ENERGY,MEDIA & ENERGY,Februari,(Opex) Loylty Prog.Device PT. Bukit Asam,Closed Lost,16056036,0
Loyalty,0065g00000UrSMtAAN,PT. Bukit Asam,KPSA,MEDIA & ENERGY,MEDIA & ENERGY,Februari,(Opex) Loylty Prog.Device PT. Bukit Asam,Closed Lost,,0
Loyalty,0065g00000UrSLCAA3,PT. Bukit Asam,KPSA,MEDIA & ENERGY,MEDIA & ENERGY,Februari,(Opex) Loylty Prog.Device PT. Bukit Asam,Complete,,865674000
Loyalty,0065g00000UssSGAAZ,PT. Bukit Asam,KPSA,MEDIA & ENERGY,MEDIA & ENERGY,Februari,(Opex) Loylty Prog.Device PT. Bukit Asam,Develop,,60000000
Loyalty,0065g00000UrRcbAAF,PT. Bukit Asam,KPSA,MEDIA & ENERGY,MEDIA & ENERGY,Februari,(Opex) Loylty Prog.Device PT. Bukit Asam,Qualify,,75000000
Loyalty,0065g00000UrSMPAA3,PT. Bukit Asam,KPSA,MEDIA & ENERGY,MEDIA & ENERGY,Februari,(Opex) Loylty Prog.Device PT. Bukit Asam,Identify,,510000000
Loyalty,0065g00000WgA9YAAV,PT. Bukit Asam,KPSA,MEDIA & ENERGY,MEDIA & ENERGY,Februari,(Opex) Loylty Prog.Device PT. Bukit Asam,Identify,,20000000
Loyalty,0065g00000WfwxzAAB,PT. Bukit Asam,KPSA,MEDIA & ENERGY,MEDIA & ENERGY,Februari,(Opex) Loylty Prog.Device PT. Bukit Asam,Identify,,100000000
Loyalty,0065g00000WgF7gAAF,PT. Bukit Asam,KPSA,PUBLIC SECTOR,MEDIA & ENERGY,Februari,(Opex) Loylty Prog.Device PT. Bukit Asam,Identify,,20000000
Sponsorship,0065g00000WScVEAA1,PT. Adhi Karya,SEA,SUPPLY CHAIN & SERVICES,Account Director,Februari,Sponsr. HUT Adhikarya,Qualify,25000000,2000000000
Loyalty,0065g00000WSh3xAAD,PT. Smart Millenium Effisiensi,NEA,SUPPLY CHAIN & SERVICES,DIGITAL MEDIA & SERVICES,Februari,(Opex)Device Loylty Prog. PT.SME,Cash,9711712,150000000
Loyalty,0065g00000Wg3BsAAJ,PT. Smart Millenium Effisiensi,NEA,East Regional,DIGITAL MEDIA & SERVICES,Februari,(Opex)Device Loylty Prog. PT.SME,Complete,,50000000
Loyalty,0065g00000UqNHkAAN,PT. VALDO,REA,Resources & Manufacturing,East Java,Februari,(Opex) Loyty Prog. Vouch PT.VALDO,Complete,24871622,40000000
Connex,0065g00000Wh8OrAAJ,UNILEVER INDONESIA TBK PT,NEA,Strategic Group Company Account,Account Director,Februari,MITS Forum,Develop,400000000,225000000
Connex,0065g00000UtAqxAAF,TOYOTA ASTRA MOTOR PT,SEA,West Regional,Account Director,Februari,MITS Forum,Complete,,55000000
Connex,0065g00000WfeHyAAJ,GREAT GIANT PINEAPPLE PT,REA,West Regional,South Sumatra,Februari,MITS Forum,Identify,,0
Connex,0065g00000WfeHtAAJ,JAPFA COMFEED INDONESIA PT,REA,Jabodetabek,South Sumatra,Februari,MITS Forum,Identify,,0
Connex,0065g00000WgQo6AAF,TAISHO PHARMACEUTICAL INDONESIA TBK PT,REA,"Financial, & Retail Business",Jakarta,Februari,MITS Forum,Complete,,200000000
Connex,0065g00000UtBBlAAN,TAWADA HEALTHCARE PT,NEA,"Financial, & Retail Business",Retail Management,Februari,MITS Forum,Cash,,45000
Connex,0065g00000WSd0yAAD,TAWADA HEALTHCARE PT,NEA,"Financial, & Retail Business",Retail Management,Februari,MITS Forum,Cash,,180000
Connex,0065g00000WSjbCAAT,TAWADA HEALTHCARE PT,NEA,"Financial, & Retail Business",Retail Management,Februari,MITS Forum,Cash,,45000
Connex,0065g00000WfOMtAAN,TAWADA HEALTHCARE PT,NEA,"Financial, & Retail Business",Retail Management,Februari,MITS Forum,Cash,,170000
Connex,0065g00000WfkngAAB,TAWADA HEALTHCARE PT,NEA,Jabodetabek,Retail Management,Februari,MITS Forum,Complete,,85000
Connex,0065g00000WgApoAAF,PLASTICPAY TEKNOLOGI DAURULANG PT,REA,Public Sector,"Bekasi, Depok, Bogor",Februari,MITS Forum,Cash,,5000000
Connex,0065g00000Urn04AAB,KEMENTERIAN KOMUNIKASI DAN INFORMATIKA REPUBLIK INDONESIA,SEA,Public Sector,Ministry & Government Agency,Februari,MITS Forum,Closed Lost,,2000000000
Connex,0065g00000UqzNDAAZ,KEMENTERIAN KOMUNIKASI DAN INFORMATIKA REPUBLIK INDONESIA,SEA,Public Sector,Ministry & Government Agency,Februari,MITS Forum,Complete,,5000000000
Connex,0065g00000UqxJZAAZ,KEMENTERIAN KOMUNIKASI DAN INFORMATIKA REPUBLIK INDONESIA,SEA,Public Sector,Ministry & Government Agency,Februari,MITS Forum,Complete,,5000000000
Connex,0065g00000UqzOzAAJ,KEMENTERIAN KOMUNIKASI DAN INFORMATIKA REPUBLIK INDONESIA,SEA,Energy & Law Enforcement,Ministry & Government Agency,Februari,MITS Forum,Closed Lost,,2000000000
Connex,0065g00000WSi9rAAD,ANEKA TAMBANG (PERSERO) TBK PT,SEA,Energy & Law Enforcement,Energy,Februari,MITS Forum,Identify,,20000000
Connex,0065g00000Ut8iKAAR,ANEKA TAMBANG (PERSERO) TBK PT,SEA,Jabodetabek,Energy,Februari,MITS Forum,Closed Lost,,0
Connex,0065g00000WfhooAAB,DELAMETA BILANO,REA,East Regional,Jakarta,Februari,MITS Forum,Complete,,50000000
Connex,0065g00000WhOMKAA3,ADHIMIX PCI INDONESIA PT,REA,Supply Chain & Services,East Java,Februari,MITS Forum,Develop,,25000000
Connex,0065g00000UqxQpAAJ,RUSLI VINILON SAKTI PT,NEA,West Regional,Logistics & Distribution,Februari,MITS Forum,Complete,,28000000
Connex,0065g00000LntDGAAZ,ENERGI SEJAHTERA MAS PT,REA,Resources & Manufacturing,North & Central Sumatra,Februari,MITS Forum,Complete,,200000000
Connex,0065g00000UqxQ1AAJ,PARAGON TECHNOLOGY AND INNOVATION,NEA,Resources & Manufacturing,Manufacturing & Industrial Area,Februari,MITS Forum,Complete,,57000000
Connex,0065g00000UqxPmAAJ,PARAGON TECHNOLOGY AND INNOVATION,NEA,Resources & Manufacturing,Manufacturing & Industrial Area,Februari,MITS Forum,Complete,,57000000
Connex,0065g00000UqxQLAAZ,PARAGON TECHNOLOGY AND INNOVATION,NEA,Jabodetabek,Manufacturing & Industrial Area,Februari,MITS Forum,Complete,,57000000
Connex,0065g00000WfxiHAAR,BADAN PENELITIAN DAN PENGEMBANGAN SUMBER DAYA,REA,Supply Chain & Services,Account Director,Februari,MITS Forum,Complete,,300003000
Connex,0065g00000WSXWFAA5,TIRTA INVESTAMA PT (DANONE GROUP),NEA,Supply Chain & Services,Digital Media & Services,Februari,MITS Forum,Complete,,10000000
Connex,0065g00000Ut7srAAB,TIRTA INVESTAMA PT (DANONE GROUP),NEA,Supply Chain & Services,Digital Media & Services,Februari,MITS Forum,Cash,,9000000
Connex,0065g00000WfTweAAF,UNIVERSAL AGRI BISNISINDO,NEA,Supply Chain & Services,DIGITAL MEDIA & SERVICES,Februari,MITS Forum,Complete,,800000000
Connex,0065g00000Urm0BAAR,UNIVERSAL AGRI BISNISINDO,NEA,Supply Chain & Services,DIGITAL MEDIA & SERVICES,Februari,MITS Forum,Complete,,2000000
Connex,0065g00000WSXeiAAH,UNIVERSAL AGRI BISNISINDO,NEA,Supply Chain & Services,DIGITAL MEDIA & SERVICES,Februari,MITS Forum,Complete,,10000000
Connex,0065g00000WShxqAAD,UNIVERSAL AGRI BISNISINDO,NEA,Supply Chain & Services,DIGITAL MEDIA & SERVICES,Februari,MITS Forum,Identify,,0
Connex,0065g00000UrlwnAAB,UNIVERSAL AGRI BISNISINDO,NEA,Supply Chain & Services,DIGITAL MEDIA & SERVICES,Februari,MITS Forum,Complete,,265000000
Connex,0065g00000WSYFoAAP,UNIVERSAL AGRI BISNISINDO,NEA,Energy & Law Enforcement,DIGITAL MEDIA & SERVICES,Februari,MITS Forum,Complete,,527970000
Connex,0065g00000P47AJAAZ,Badan Siber dan Sandi Negara,SEA,Supply Chain & Services,Account Director,Februari,MITS Forum,Closed Lost,,2500000000
Connex,0065g00000Urf22AAB,PT Gunung Raja Paksi Tbk,NEA,Supply Chain & Services,Digital Media & Services,Februari,MITS Forum,Identify,,0
Connex,0065g00000UsmAxAAJ,PT Gunung Raja Paksi Tbk,NEA,Supply Chain & Services,Digital Media & Services,Februari,MITS Forum,Qualify,,500000000
Connex,0065g00000Wfi9JAAR,PT Gunung Raja Paksi Tbk,NEA,Resources & Manufacturing,Digital Media & Services,Februari,MITS Forum,Complete,,80225000
Connex,0065g00000WfmXLAAZ,Cipta Kridatama,NEA,East Regional,Mining & Agribusiness,Februari,MITS Forum,Complete,,50000000
Connex,0065g00000Wh1poAAB,pt. soko buana mandiri,REA,Supply Chain & Services,Kalimantan,Februari,MITS Forum,Complete,,100000000
Connex,0065g00000Wg4qXAAR,PT Porto Indonesia Sejahtera,NEA,Jabodetabek,Digital Media & Services,Februari,MITS Forum,Identify,,10000000
Connex,0065g00000Wg2kWAAR,Indonesia Hotel Group,REA,Jabodetabek,Jakarta,Februari,MITS Forum,Identify,,0
Connex,0065g00000Wg3MLAAZ,Wantiknas,REA,Resources & Manufacturing,Jakarta,Februari,MITS Forum,Develop,,50000000
Connex,0065g00000WhZYYAA3,PT. Cita Mineral Invesntindo Tbk,NEA,Jabodetabek,Mining & Agribusiness,Februari,MITS Forum,Complete,,100000000
Connex,0065g00000WgFx2AAF,PT AM/NS indonesia,REA,Jabodetabek,"Bekasi, Depok, Bogor",Februari,MITS Forum,Identify,,0
Connex,0065g00000Wh93DAAR,SanQua Multi Internasional,REA,Jabodetabek,"Bekasi, Depok, Bogor",Februari,MITS Forum,Develop,,50000000
Connex,0065g00000WgFxRAAV,Titan Corporation,REA,Strategic Banking & Financial Account,"Bekasi, Depok, Bogor",Februari,MITS Forum,Identify,,0
Sponsorship,0065g00000WflAkAAJ, TM_BANK NEGARA INDONESIA (PERSERO) TBK PT ,SEA,Strategic Banking & Financial Account,Strategic Financial & National Bank,Februari,POC Event AP3MI,Complete,50000000,1200000000
Sponsorship,0065g00000WflBYAAZ, TM_BANK NEGARA INDONESIA (PERSERO) TBK PT ,SEA,Strategic Banking & Financial Account,Strategic Financial & National Bank,Februari,POC Event AP3MI,Complete,,300000000
Sponsorship,0065g00000WfpXrAAJ, TM_BANK NEGARA INDONESIA (PERSERO) TBK PT ,SEA,Strategic Banking & Financial Account,Strategic Financial & National Bank,Februari,POC Event AP3MI,Qualify,,2163720000
Sponsorship,0065g00000Ut95NAAR, TM_BANK NEGARA INDONESIA (PERSERO) TBK PT ,SEA,Strategic Banking & Financial Account,Strategic Financial & National Bank,Februari,POC Event AP3MI,Complete,,853000000
Sponsorship,0065g00000Ur7hlAAB, TM_BANK NEGARA INDONESIA (PERSERO) TBK PT ,SEA,Strategic Banking & Financial Account,Strategic Financial & National Bank,Februari,POC Event AP3MI,Complete,,100000000
Sponsorship,0065g00000Wfrf0AAB, TM_BANK NEGARA INDONESIA (PERSERO) TBK PT ,SEA,Strategic Banking & Financial Account,Strategic Financial & National Bank,Februari,POC Event AP3MI,Complete,,3000000000
Sponsorship,0065g00000Ut6nlAAB, TM_BANK UOB INDONESIA PT ,SEA,East Regional,Strategic Financial & Multinational Bank,Februari,POC Event AP3MI,Complete,,5000000
Sponsorship,0065g00000Wh2qGAAR, TM_DUA KELINCI PT ,REA,"Financial, & Retail Business",Account Director,Februari,POC Event AP3MI,Complete,,231000000
Sponsorship,0065g00000WgRTAAA3, TM_KOBE BOGA UTAMA PT ,NEA,SMB Business Operation,Retail Management,Februari,POC Event AP3MI,Identify,,0
Sponsorship,0065g00000WgFg2AAF, TM_SAI INDONESIA PT ,SMB,EAST REGIONAL,SMB Jabotabtek & West Java,Februari,POC Event AP3MI,Identify,,0
JPS,0065g00000WgAH7AAN,BPD BALI,REA,EAST REGIONAL,BALI NUSRA,Maret,JPS BPD BALI,Complete,,55000000
JPS,0065g00000P3xbFAAR,BPD BALI,REA,EAST REGIONAL,BALI NUSRA,Maret,JPS BPD BALI,Cash,,241775000
JPS,0065g00000K7hvIAAR,BPD BALI,REA,Bank. & Financial Institution,BALI NUSRA,Maret,JPS BPD BALI,Complete,,58000000
JPS,0065g00000SdoFEAAZ,ARTAJASA PEMBAYARAN ELEKTRONIS PT,SEA,Bank. & Financial Institution,Finance & Multinational Bank,Maret,Tranf Knowledge Project Artajsa,Complete,14904000,2000000000
JPS,0065g00000P3aoDAAR,ARTAJASA PEMBAYARAN ELEKTRONIS PT,SEA,FINANCIAL & RETAIL BUSINESS,Finance & Multinational Bank,Maret,Tranf Knowledge Project Artajsa,Closed Lost,,750000000
JPS,0065g00000WfWGUAA3,Bank DKI,NEA,FINANCIAL & RETAIL BUSINESS,FINANCIAL & INSURANCE,Maret,Bank DKI,Complete,17820000,140000000
JPS,0065g00000WfgR5AAJ,Bank DKI,NEA,FINANCIAL & RETAIL BUSINESS,FINANCIAL & INSURANCE,Maret,Bank DKI,Complete,,300000000
JPS,0065g00000WgwPKAAZ,Bank DKI,NEA,STRATEGIC GROUP COMPANY ACCOUNT,FINANCIAL & INSURANCE,Maret,Bank DKI,Complete,,400000000
Loyalty,0065g00000Wfkf3AAB,PT. Astra Internasional,SEA,STRATEGIC GROUP COMPANY ACCOUNT,ACCOUNT DIRECTOR,Maret,JPS Astra International,Complete,18360000,1020000000
Loyalty,0065g00000Wfkf3AAB,PT. Astra Internasional,SEA,ENERGY & LAW ENFORCEMENT,ACCOUNT DIRECTOR,Maret,JPS Astra International,Complete,,0
Loyalty,0065g00000WfkDoAAJ,PT. Pertamina,SEA,ENERGY & LAW ENFORCEMENT,ENERGY,Maret,JPS PT Pertamina Retail,Develop,182952000,125000000
Loyalty,0065g00000WfkuIAAR,PT. Pertamina,SEA,DOMESTIC WHOLESALE,ENERGY,Maret,JPS PT Pertamina Retail,Develop,,270000000
Sponsorship,0065g00000WhAXbAAN,PT. JLM,WCA,DOMESTIC WHOLESALE,ISP,Maret,Sponsorship PT. JLM,Complete,100000000,535000000
Sponsorship,0065g00000WhAXvAAN,PT. JLM,WCA,STRATEGIC GROUP COMPANY ACCOUNT,ISP,Maret,Sponsorship PT. JLM,Complete,,435000000
Loyalty,0065g00000UqpOLAAZ,PT. Sumber Alfaria Trijaya,SEA,STRATEGIC GROUP COMPANY ACCOUNT,STRATEGIC GROUP COMPANY ACCOUNT,Maret,Loyalty Prog. PT Sumber Alfaria Trijaya,Complete,5250000,395000000
Loyalty,0065g00000SbtbVAAR,PT. Sumber Alfaria Trijaya,SEA,STRATEGIC GROUP COMPANY ACCOUNT,STRATEGIC GROUP COMPANY ACCOUNT,Maret,Loyalty Prog. PT Sumber Alfaria Trijaya,Complete,,1975000
Loyalty,0065g00000SedKZAAZ,PT. Sumber Alfaria Trijaya,SEA,SUPPLY CHAIN & SERVICES,STRATEGIC GROUP COMPANY ACCOUNT,Maret,Loyalty Prog. PT Sumber Alfaria Trijaya,Complete,,50000000
Loyalty,0065g00000WgLJ0AAN,PT. Garuda indonesia,NEA,East Regional,DIGITAL MEDIA & SERVICES,Maret,Loyalty Program Garuda Indonesia & Citilink,Complete,33378378,21000000000
JPS,0065g00000WfcHcAAJ,UIN Said Surakarta,REA,Jabodetabek,Central Java,Maret,"Customer Education Event Batam,Palembang,Surabaya",Complete,,110000000
JPS,0065g00000Sdy3VAAR,UIN SULTAN MAULANA HASANUDDIN BANTEN,REA,West Java,Banten,Maret,"Customer Education Event Batam,Palembang,Surabaya",Complete,,0
JPS,0065g00000WfxbuAAB,INSTITUT AGAMA ISLAM NEGERI CIREBON (IAIN) SYEKH NURJATI,REA,East Regional,Account Director West Java,Maret,"Customer Education Event Batam,Palembang,Surabaya",Complete,,400000000
JPS,0065g00000UtFPFAA3,UNIVERSITAS BOJONEGORO (UNIGORO),REA,East Regional,East Java,Maret,"Customer Education Event Batam,Palembang,Surabaya",Closed Lost,,12000000
JPS,0065g00000Wh2NmAAJ,UIN Antasari Banjarmasin,REA,West Regional,Kalimantan,Maret,"Customer Education Event Batam,Palembang,Surabaya",Identify,,0
JPS,0065g00000WiBw4AAF,UIN Imam Bonjol Padang,REA,West Regional,North & Central Sumatra,Maret,"Customer Education Event Batam,Palembang,Surabaya",Complete,,55000000
JPS,0065g00000UshzJAAR,UIN Suska Riau,REA,West Regional,North & Central Sumatra,Maret,"Customer Education Event Batam,Palembang,Surabaya",Value,,343000000
JPS,0065g00000WhszPAAR,UIN Ar-Raniry Banda Aceh,REA,East Regional,North & Central Sumatra,Maret,"Customer Education Event Batam,Palembang,Surabaya",Complete,,112500000
JPS,0065g00000WfiLlAAJ,IAIN BONE,REA,East Regional,Sulawesi,Maret,"Customer Education Event Batam,Palembang,Surabaya",Complete,,33500000
JPS,0065g00000UrlbQAAR,IAIN BONE,REA,East Regional,Sulawesi,Maret,"Customer Education Event Batam,Palembang,Surabaya",Complete,,50000000
JPS,0065g00000WfkLMAAZ,IAIN KENDARI,REA,East Regional,Sulawesi,Maret,"Customer Education Event Batam,Palembang,Surabaya",Complete,,13500000
JPS,0065g00000WgeeJAAR,UIN Datokarama Palu,REA,East Regional,Sulawesi,Maret,"Customer Education Event Batam,Palembang,Surabaya",Complete,,11500000
JPS,0065g00000WgqUoAAJ,IAIN PALOPO,REA,East Regional,Sulawesi,Maret,"Customer Education Event Batam,Palembang,Surabaya",Complete,,53500000
JPS,0065g00000WhANrAAN,IAIN Parepare,REA,East Regional,Sulawesi,Maret,"Customer Education Event Batam,Palembang,Surabaya",Complete,,33000000
JPS,0065g00000WhB8wAAF,IAIN Sorong,REA,East Regional,Sulawesi,Maret,"Customer Education Event Batam,Palembang,Surabaya",Complete,,18000000
JPS,0065g00000WhrogAAB,STAI AL - AZHARY,REA,West Regional,Account Director East Regional,Maret,"Customer Education Event Batam,Palembang,Surabaya",Complete,,300000000
JPS,0065g00000WShDEAA1,UNIVERSITAS ISLAM NEGERI RADEN FATAH PALEMBANG DITJEN PENDIDIKAN ISLAM KEMENTERIAN AGAMA,REA,West Regional,South Sumatra,Maret,"Customer Education Event Batam,Palembang,Surabaya",Cash,,85000000
JPS,0065g00000WSUKfAAP,UNIVERSITAS ISLAM NEGERI RADEN FATAH PALEMBANG DITJEN PENDIDIKAN ISLAM KEMENTERIAN AGAMA,REA,West Regional,South Sumatra,Maret,"Customer Education Event Batam,Palembang,Surabaya",Cash,,140000000
JPS,0065g00000UsZi9AAF,UNIVERSITAS ISLAM NEGERI RADEN FATAH PALEMBANG DITJEN PENDIDIKAN ISLAM KEMENTERIAN AGAMA,REA,West Regional,South Sumatra,Maret,"Customer Education Event Batam,Palembang,Surabaya",Cash,,1142000000
JPS,0065g00000WSUHlAAP,UNIVERSITAS ISLAM NEGERI RADEN FATAH PALEMBANG DITJEN PENDIDIKAN ISLAM KEMENTERIAN AGAMA,REA,West Regional,South Sumatra,Maret,"Customer Education Event Batam,Palembang,Surabaya",Cash,,160000
JPS,0065g00000WShGhAAL,STISIPOL CANDRADIMUKA,REA,West Regional,South Sumatra,Maret,"Customer Education Event Batam,Palembang,Surabaya",Complete,,67600000
JPS,0065g00000UrRbPAAV,Politeknik Negeri Sriwijaya,REA,West Regional,South Sumatra,Maret,"Customer Education Event Batam,Palembang,Surabaya",Closed Lost,,572000000
JPS,0065g00000Uq7vYAAR,Universitas Muhammadiyah Palembang,REA,West Regional,South Sumatra,Maret,"Customer Education Event Batam,Palembang,Surabaya",Closed Lost,,639990000
JPS,0065g00000UrRoIAAV,UNIVERSITAS SRIWIJAYA,REA,West Regional,South Sumatra,Maret,"Customer Education Event Batam,Palembang,Surabaya",Closed Lost,,218000000
JPS,0065g00000UtE2iAAF,Palcomtech,REA,West Regional,South Sumatra,Maret,"Customer Education Event Batam,Palembang,Surabaya",Value,,650000000
JPS,0065g00000UsaRnAAJ,Palcomtech,REA,West Regional,South Sumatra,Maret,"Customer Education Event Batam,Palembang,Surabaya",Complete,,85800000
JPS,0065g00000WSjX5AAL,Palcomtech,REA,West Regional,South Sumatra,Maret,"Customer Education Event Batam,Palembang,Surabaya",Value,,62400000
JPS,0065g00000WhpKfAAJ,Universitas Islam Negeri Fatmawati Sukarno Bengkulu,REA,East Regional,South Sumatra,Maret,"Customer Education Event Batam,Palembang,Surabaya",Develop,,130000000
JPS,0065g00000LZ6R3AAL,Universitas Merdeka Malang,REA,Jabodetabek,Account Director East Regional,Maret,"Customer Education Event Batam,Palembang,Surabaya",Closed Lost,,20000000
JPS,0065g00000Wh8E8AAJ,UIN SYARIF HIDAYATULLAH JAKARTA,REA,Jabodetabek,"Bekasi, Depok, Bogor",Maret,"Customer Education Event Batam,Palembang,Surabaya",Develop,,50000000
JPS,0065g00000Wfc9MAAR,UIN SYARIF HIDAYATULLAH JAKARTA,REA,East Regional,"Bekasi, Depok, Bogor",Maret,"Customer Education Event Batam,Palembang,Surabaya",Complete,,335000000
JPS,0065g00000UrsoNAAR,Politeknik Negeri Malang ,REA,East Regional,East Java,Maret,"Customer Education Event Batam,Palembang,Surabaya",Cash,,357000000
JPS,0065g00000WfcwBAAR,Politeknik Negeri Madura,REA,East Regional,East Java,Maret,"Customer Education Event Batam,Palembang,Surabaya",Complete,,120000000
JPS,0065g00000WgB1yAAF,Univ. Trunojoyo Madura,REA,East Regional,East Java,Maret,"Customer Education Event Batam,Palembang,Surabaya",Identify,,0
JPS,0065g00000WgkQ6AAJ,"UPN ""Veteran"" Jawa Timur",REA,East Regional,East Java,Maret,"Customer Education Event Batam,Palembang,Surabaya",Cash,,333760978
JPS,0065g00000UrsmlAAB,"UPN ""Veteran"" Jawa Timur",REA,East Regional,East Java,Maret,"Customer Education Event Batam,Palembang,Surabaya",Cash,,800080000
JPS,0065g00000Sel25AAB,"UPN ""Veteran"" Jawa Timur",REA,East Regional,East Java,Maret,"Customer Education Event Batam,Palembang,Surabaya",Cash,,83500000
JPS,0065g00000Sel38AAB,"UPN ""Veteran"" Jawa Timur",REA,East Regional,East Java,Maret,"Customer Education Event Batam,Palembang,Surabaya",Cash,,101500000
JPS,0065g00000Sel46AAB,"UPN ""Veteran"" Jawa Timur",REA,East Regional,East Java,Maret,"Customer Education Event Batam,Palembang,Surabaya",Cash,,82475800
JPS,0065g00000Sel17AAB,"UPN ""Veteran"" Jawa Timur",REA,East Regional,East Java,Maret,"Customer Education Event Batam,Palembang,Surabaya",Cash,,83500000
JPS,0065g00000Ur83IAAR,Universitas Nahdlatul Ulama Sunan Giri,REA,East Regional,East Java,Maret,"Customer Education Event Batam,Palembang,Surabaya",Complete,,30376320
JPS,0065g00000WfgpSAAR,Universitas Nahdlatul Ulama Sunan Giri,REA,East Regional,East Java,Maret,"Customer Education Event Batam,Palembang,Surabaya",Complete,,15000000
JPS,0065g00000UsqAjAAJ,Universitas Islam Malang,REA,East Regional,East Java,Maret,"Customer Education Event Batam,Palembang,Surabaya",Cash,,0
JPS,0065g00000Ut65JAAR,Poltekkes Kemenkes Surabaya,REA,ENERGY & LAW ENFORCEMENT,East Java,Maret,"Customer Education Event Batam,Palembang,Surabaya",Develop,,500000000
JPS,0065g00000MHodqAAD,PT. Pertamina Hulu Rokan,SEA,ENERGY & LAW ENFORCEMENT,ENERGY,April,JPS PT. Pertamina Hulu Rokan,Complete,7749216,3000000000
JPS,0065g00000MHodqAAD,PT. Pertamina Hulu Rokan,SEA,ENERGY & LAW ENFORCEMENT,ENERGY,April,JPS PT. Pertamina Hulu Rokan,Complete,,0
JPS,0065g00000MHodqAAD,PT. Pertamina Hulu Rokan,SEA,ENERGY & LAW ENFORCEMENT,ENERGY,April,JPS PT. Pertamina Hulu Rokan,Complete,,0
JPS,0065g00000LWXfxAAH,PT. Pertamina Hulu Rokan,SEA,ENERGY & LAW ENFORCEMENT,ENERGY,April,JPS PT. Pertamina Hulu Rokan,Closed Lost,,110000000
JPS,0065g00000Wg5w0AAB,PT. Pertamina Hulu Rokan,SEA,BANKING & FINANCIAL INSTITUTION,ENERGY,April,JPS PT. Pertamina Hulu Rokan,Complete,,75000000
JPS,0065g00000P3rN2AAJ,Bank BNI,SEA,BANKING & FINANCIAL INSTITUTION,FINANCE & NATIONAL BANK,April,JPS Bank BNI,Complete,19980000,0
JPS,0065g00000LmVuUAAV,Bank BNI,SEA,BANKING & FINANCIAL INSTITUTION,FINANCE & NATIONAL BANK,April,JPS Bank BNI,Complete,,0
JPS,0065g00000SeRy3AAF,Bank BNI,SEA,BANKING & FINANCIAL INSTITUTION,FINANCE & NATIONAL BANK,April,JPS Bank BNI,Complete,,0
JPS,0065g00000SeS4BAAV,Bank BNI,SEA,WEST REGIONAL,FINANCE & NATIONAL BANK,April,JPS Bank BNI,Complete,,0
Loyalty,0065g00000WgkvUAAR,ITB Bandung,REA,WEST REGIONAL,East Java,April,Iftar ITB Bandung,Cash,8100000,78600000
Loyalty,0065g00000WgqhJAAR,ITB Bandung,REA,WEST REGIONAL,East Java,April,Iftar ITB Bandung,Complete,,7500000
Loyalty,0065g00000Wgl76AAB,ITB Bandung,REA,WEST REGIONAL,East Java,April,Iftar ITB Bandung,Cash,,11500000
Loyalty,0065g00000WgfK5AAJ,PT South Pacific Viscose,REA,WEST REGIONAL,East Java,April,Loyalty PT South Pacific Viscose,Complete,15052703,30000000
Loyalty,0065g00000WhAcvAAF,PT South Pacific Viscose,REA,Null,East Java,April,Loyalty PT South Pacific Viscose,Complete,,70000000
